row_dir,Reaction_type,P,S1,S2,Exp_method,Pro_RT,Sub1_RT,Sub2_RT,exp-RT-P,exp-RT-S1,exp-RT-S2,pred_best_methods,pred_best_score,exp_score,pred_AM-I_P,pred_AM-I_S1,pred_AM-I_S2,pred_AM-II_P,pred_AM-II_S1,pred_AM-II_S2,pred_AM-III_P,pred_AM-III_S1,pred_AM-III_S2,pred_AM-IV_P,pred_AM-IV_S1,pred_AM-IV_S2,pred_AM-VI_P,pred_AM-VI_S1,pred_AM-VI_S2,pred_score_AM-I,pred_score_AM-II,pred_score_AM-III,pred_score_AM-IV,pred_score_AM-V,pred_score_AM-VI
row_0,SNAr,O=C(C1=CC=CC=C1)C2=CC=CC=C2N(CCC3)CC3C,CC1CNCCC1,O=C(C1=CC=CC=C1F)C2=CC=CC=C2,AM-I,1.26,0.19,1.05,75.6,11.4,63.0,"AM-I, AM-II",1.0,0.9804649865443203,93.58200705269786,52.58655809011886,77.76206195677663,72.71163060574081,45.37562033394407,62.412835190035395,,,,,,,,,,1.0,1.0,0.9788891412799473,0.9145235880636079,0.7692052751952468,0.9258548579648933
row_1,SNAr,N#CC1=CC=C(N(CC2)CCN2CCCC)C=C1C,CCCCN1CCNCC1,N#CC1=CC=C(F)C=C1C,AM-I,0.99,0.16,1.32,59.4,9.6,79.2,"AM-I, AM-IV",1.0,0.9785745013711901,54.01792504318078,33.70951710218584,66.5782771371256,,,,,,,51.061942978370645,40.14640614206841,60.23687397756337,,,,1.0,0.8488336728365062,0.9791135013743184,1.0,0.5115539674653087,0.7438938248000212
row_2,SNAr,N#CC1=CC=C(N(CCC2)CC2C)N=C1,CC1CNCCC1,N#CC1=CC=C(Cl)N=C1,AM-I,1.37,0.19,0.85,82.2,11.4,51.0,AM-I,1.0,0.9804649865443203,80.41765843818592,52.58655809011886,64.2503487499803,,,,,,,,,,,,,1.0,0.995580071701014,0.8163826334341964,0.5651727127711976,0.46290132407757,0.858437356994046
row_3,SNAr,N#CC1=CC(N(CCC2)CC2C)=NC=C1,CC1CNCCC1,N#CC1=CC(Cl)=NC=C1,AM-I,1.41,0.19,0.89,84.6,11.4,53.4,AM-I,1.0,0.9804649865443203,82.18187935436137,52.58655809011886,65.90013673984947,,,,,,,,,,,,,1.0,0.9792818825021747,0.838895458963915,0.5956469424413455,0.6341909588135735,0.8128576830513234
row_4,SNAr,C12CCCN(C3=NC=CN=C3)C1CCCC2,C12CCCNC1CCCC2,FC1=NC=CN=C1,AM-I,1.44,0.19,0.34,86.4,11.4,20.4,AM-I,1.0,0.9743495880417301,80.98185436837423,62.262420668295164,48.625964224575505,,,,,,,,,,,,,1.0,0.8373926131206184,0.8680340166582977,0.47387038733622977,0.5918577745288645,0.714543633449513
row_5,SNAr,COC1=C(N(CCC2)CC2C)C=NC(OC)=N1,CC1CNCCC1,COC(N=C1OC)=C(C=N1)Br,AM-I,0.94,0.29,1.16,56.4,17.4,69.6,"AM-I, AM-II",1.0,0.986766603788088,77.94574399780288,52.58655809011886,67.21827822447423,65.31057848576961,45.37562033394407,56.13750573727463,,,,,,,,,,1.0,1.0,0.7064507059958072,0.6403128762143869,0.5086123420669209,0.6117679726450869
row_6,SNAr,N#CC1=CN=C(NC2CCCCC2)C=C1,NC1CCCCC1,N#CC1=CN=C(Br)C=C1,AM-I,1.27,0.3,0.45,76.2,18.0,27.0,AM-I,1.0,0.9854857034804053,76.18180602960842,53.171277354450275,62.998054248772995,,,,,,,,,,,,,1.0,0.978288377417893,0.9600550653077459,0.4514624569980029,0.392945442968868,0.717017316836745
row_7,SNAr,CCC1=CN=C(N(C)CCC)N=C1,CCCNC,CCC1=CN=C(Cl)N=C1,AM-I,1.09,0.22,0.95,65.4,13.2,57.0,AM-I,0.8214867553036322,0.956381445743425,62.63447814961177,41.98770862846192,57.75813410209787,,,,,,,,,,,,,0.8214867553036322,0.7385623679608926,0.700278773862502,0.6591989140635975,0.41214472114886824,0.7366031200498779
row_8,Chan-Lam,O=CC1=CC=CC=C1NC2=CN=C(OC)C=C2,O=CC1=CC=CC=C1N,OB(O)C1=CN=C(C=C1)OC,AM-I,1.35,0.9475,0.3567,81.0,56.85,21.402,"AM-I, AM-III",1.0,0.9945228962161177,77.381773311352,47.229006406564096,31.55936838134536,,,,85.16946687818589,62.800940771179825,44.509892731450634,,,,,,,1.0,0.9965934248316116,1.0,0.988324497589158,0.8260307408046279,0.990499077777734
row_9,Chan-Lam,CSC1=CC(NC2=CN=C(OC)C=C2)=CC=C1,NC1=CC=CC(SC)=C1,OB(O)C1=CN=C(C=C1)OC,AM-I,1.0467,0.63,0.3567,62.802,37.8,21.402,"AM-I, AM-II, AM-III, AM-IV",1.0,0.9945228962161177,75.01817574386176,54.45032423049154,31.55936838134536,62.34960645069957,51.27641111917075,35.23468484070001,93.68696393507395,75.07862514340579,44.509892731450634,67.1387154166598,57.08258149441553,41.81959290570344,,,,1.0,1.0,1.0,1.0,0.6993751621967377,0.9368579234849931
row_10,Chan-Lam,FC(F)(F)C1=NC=C(NC2=CC=C(C)C(I)=C2)C=C1,NC1=CC=C(C(I)=C1)C,OB(O)C1=CN=C(C=C1)C(F)(F)F,AM-I,1.544,1.2475,0.8925,92.64,74.85,53.55,"AM-I, AM-II, AM-III, AM-VI",1.0,1.0,88.21793683177376,63.694035809479495,36.189321940698946,72.35739899055682,55.04368329547293,40.720674813223596,110.68523534389576,84.1568339431345,57.43811787894617,,,,92.75675581973617,76.71345318585581,54.06417058429853,1.0,1.0,1.0,0.9834372871249446,0.7495173401385096,1.0
row_11,Chan-Lam,IC1=CC=C(C)C(NC2=CC=CC(NC(C)=O)=C2)=C1,NC1=CC(I)=CC=C1C,OB(O)C1=CC=CC(NC(C)=O)=C1,AM-I,1.37,1.234,0.3767,82.2,74.04,22.602,AM-I,1.0,0.9589236846653049,80.98246917973032,65.02059492023042,31.73050856037209,,,,,,,,,,,,,1.0,0.7651404104650994,0.9041863487883833,0.7031968988305375,0.6923853341973772,0.8319429926072032
row_12,Chan-Lam,CCOC1=CC=C(NCC23CC4CC(C3)CC(C4)C2)C=N1,NCC12CC3CC(CC(C2)C3)C1,CCOC1=CC=C(C=N1)B(O)O,AM-I,1.62,0.83,0.6,97.2,49.8,36.0,"AM-I, AM-II, AM-III, AM-IV, AM-VI",1.0,1.0,95.98185876059014,69.51830154943848,36.07583169050477,66.83814411115891,55.42109875562318,36.1929342018216,97.9487937697422,73.74102107201875,52.91438405574007,75.4304192253858,61.027784621905404,44.10916751056411,80.29226256350046,68.02513408009979,53.366914977921454,1.0,1.0,1.0,1.0,0.6680623415202733,1.0
row_13,Chan-Lam,FC1=NC=C(NC2=CC=C(C)C=C2C)C=C1,NC1=CC=C(C=C1C)C,OB(O)C1=CN=C(C=C1)F,AM-II,1.57,0.46,0.428,94.2,27.6,25.68,"AM-II, AM-III, AM-VI",1.0,0.9564157354646391,,,,69.58305949033434,55.03379893203992,37.652319845394906,95.7001137652409,74.01599360947995,46.47694345176478,,,,78.8038775983933,65.44349413497287,51.37071771507013,0.997913291773892,1.0,1.0,0.8411568149268847,0.6846730966941085,1.0
row_14,Chan-Lam,CCOC1=CC=C(N2C=NC3=CC(C)=CC=C32)C=N1,CC1=CC=C2C(N=CN2)=C1,CCOC1=CC=C(C=N1)B(O)O,AM-IV,1.09,0.63,0.84,65.4,37.8,50.4,"AM-II, AM-III, AM-IV, AM-VI",1.0,1.0,,,,62.35945927314427,49.728953719836205,36.1929342018216,79.73871000873334,67.08745979721215,52.91438405574007,65.45146810942626,55.192808926133786,44.10916751056411,79.0937044171428,65.12790666750809,53.366914977921454,0.979473777663012,1.0,1.0,1.0,0.7719832636487419,1.0
row_15,Chan-Lam,CCOC1=CC=C(C=N1)NC2=CC=C(C(C)=C2)OC,NC1=CC=C(C(C)=C1)OC,CCOC1=CC=C(C=N1)B(O)O,AM-IV,1.11,0.64,0.84,66.6,38.4,50.4,"AM-I, AM-II, AM-III, AM-IV, AM-VI",1.0,1.0,75.79345997212151,49.27457655015108,36.07583169050477,62.04064863508395,49.84875431427105,36.1929342018216,98.26594972978302,71.8771126117264,52.91438405574007,66.65165326179508,56.56062427202408,44.10916751056411,77.0628280578348,65.54911744238913,53.366914977921454,1.0,1.0,1.0,1.0,0.6921605364779522,1.0
row_16,Carboxylic-Acid-Esterification,O=C(Cc1c(F)cc(F)c(F)c1)OC2CN(CCC2)CC,OC1CN(CC)CCC1,O=C(O)Cc1cc(F)c(F)cc1F,AM-I,0.87,0.17,1.01,52.2,10.2,60.6,"AM-I, AM-III, AM-VI",1.0,0.9532306371215408,52.01751206834316,35.164751932558744,62.481939610204606,,,,89.98751502964726,62.91113317710062,74.8492296456059,,,,83.55010406043078,55.707918815828414,67.24883793824867,1.0,0.7356486043993864,1.0,0.7243519120256388,0.8684611916105037,1.0
row_17,Carboxylic-Acid-Esterification,O=C(Cc1c(F)cc(F)c(F)c1)OCC2=CC=CN=C2OC,OCC1=CC=CN=C1OC,O=C(O)Cc1cc(F)c(F)cc1F,AM-I,1.37,0.51,1.01,82.2,30.6,60.6,AM-I,1.0,1.0,82.18348711255655,39.69924148081366,62.481939610204606,,,,,,,,,,,,,1.0,0.6286929091025775,0.918900448375155,0.6260028838297416,0.9681880497334973,0.8641638011242572
row_18,Carboxylic-Acid-Esterification,O=C(OCC1OCCC1)C2=CC=NN2C(C)C,OCC1OCCC1,O=C(C1=CC=NN1C(C)C)O,AM-I,1.18,0.19,0.83,70.8,11.4,49.8,AM-I,1.0,0.9804649865443203,70.9830349313434,40.79042631119178,53.168742227366224,,,,,,,,,,,,,1.0,0.9700153391798294,0.8431061580391991,0.9104711222604365,0.6403304446244835,0.982416543360932
row_19,Carboxylic-Acid-Esterification,O=C(OCC1=NC=CC(Cl)=C1)COC2=CC=CC=C2,OCC1=NC=CC(Cl)=C1,O=C(COC1=CC=CC=C1)O,AM-I,1.28,0.38,0.88,76.8,22.8,52.8,AM-I,1.0,0.9924380593074789,76.48300804352746,44.379250958999336,55.616426006761046,,,,,,,,,,,,,1.0,0.6884068657658553,0.9974773724398981,0.8025312573937158,0.6579618327048333,0.9770844277537144
row_20,Carboxylic-Acid-Esterification,O=C(C1CC2=C(C=CC=C2)C1)OCC3=CC=CN=C3OC,OCC1=CC=CN=C1OC,O=C(O)C1CC2=C(C1)C=CC=C2,AM-I,1.43,0.5,1.09,85.8,30.0,65.4,AM-I,1.0,1.0,84.22224842648993,39.69924148081366,63.76200683736693,,,,,,,,,,,,,1.0,0.6287680563726918,0.9736689629098827,0.767747618716178,0.8975790565848366,0.895640341388273
row_21,Carboxylic-Acid-Esterification,O=C(OCC1=CC(Cl)=NC(Cl)=C1)C2=C(C)C=C(C)C=C2C,OCC1=CC(Cl)=NC(Cl)=C1,O=C(C1=C(C=C(C=C1C)C)C)O,AM-I,1.61,0.92,1.13,96.6,55.2,67.8,AM-I,1.0,1.0,96.61789990379489,53.993041017450295,67.58545910370532,,,,,,,,,,,,,1.0,0.9852156960032042,0.9753266197155799,0.981552660438663,0.9387877782420891,0.9727948739508058
row_22,Carboxylic-Acid-Esterification,FC1=CC(F)=CC(CC(OCC2=CC=CN=C2OC)=O)=C1,OCC1=CC=CN=C1OC,OC(CC1=CC(F)=CC(F)=C1)=O,AM-I,1.36,0.5,1.02,81.6,30.0,61.2,AM-I,1.0,1.0,81.61820193601632,39.69924148081366,63.179183723934656,,,,,,,,,,,,,1.0,0.6356935143114484,0.9269575242993253,0.6421608611758893,0.9393000574069466,0.8684128566071625
row_23,Carboxylic-Acid-Esterification,O=C(OCC(CC1)CCN1C(OCC2=CC=CC=C2)=O)C3=CC=C(OC)C=C3OC,O=C(N1CCC(CO)CC1)OCC2=CC=CC=C2,O=C(C1=CC=C(C=C1OC)OC)O,AM-I,1.42,1.1,0.89,85.2,66.0,53.4,AM-I,1.0,1.0,85.1819014680932,64.51068822596147,54.39660259183721,,,,,,,,,,,,,1.0,0.9397865108535511,0.9843284648591907,0.903172651730244,0.6769084939006831,0.9638463723850929
row_24,B-H,COC(=O)c1ccccc1Nc1ccc2nccnc2c1,NC1=CC=C2N=CC=NC2=C1,O=C(OC)C1=CC=CC=C1Br,AM-VI,1.56,0.45,1.496,93.6,27.0,89.76,AM-VI,1.0,0.7734725680014924,,,,,,,,,,,,,72.07284864361675,56.78072418217124,82.77960709337354,0.7922207175474716,0.739764129894328,0.7357993589055309,0.7924595258846153,0.9167441273774394,1.0
row_25,B-H,Cc1ccc(Nc2cncc3ccccc23)cc1,NC1=CC=C(C)C=C1,BrC1=CN=CC2=C1C=CC=C2,AM-III,1.09,0.2967,1.39,65.4,17.802,83.4,AM-III,1.0,0.9871888121434205,,,,,,,101.13837013554951,74.31096516439712,88.59098759409727,,,,,,,0.6106833082608762,0.5957131121889284,1.0,0.6395134152846564,0.33417502637678387,0.8754719708062495
row_26,B-H,COC(=O)c1ccccc1Nc1ccc(OC)nc1,NC1=CC=C(OC)N=C1,O=C(OC)C1=CC=CC=C1Br,AM-VI,1.67,0.2267,1.496,100.2,13.602,89.76,"AM-I, AM-VI",1.0,0.9827776800727831,85.18185247352818,37.3584481987548,72.61791287762881,,,,,,,,,,69.70144865622373,55.75953087676367,82.77960709337354,1.0,0.6891884827535302,0.8909797848277847,0.72118235767164,0.9130480289642695,1.0
row_27,B-H,Cc1ccccc1Nc1ccc2nccnc2c1,NC1=CC=C2N=CC=NC2=C1,CC1=CC=CC=C1Br,AM-VI,1.46,0.45,1.71,87.6,27.0,102.6,AM-VI,1.0,0.9968491913781162,,,,,,,,,,,,,71.9112901535639,56.78072418217124,84.66013189092217,0.8898893821058173,0.9832214954770377,0.7392873930267907,0.7069057313274403,0.852522267511979,1.0
row_28,B-H,CC1=CC(C)=NC(NC2=CC=C(C=N2)OC)=N1,NC1=NC(C)=CC(C)=N1,COc1cnc(Br)cc1,AM-I,0.74,0.18,1.02,44.4,10.8,61.2,"AM-I, AM-VI",1.0,0.9798348248199437,51.41908169831594,33.531577518781546,61.78473213944336,,,,,,,,,,65.57724868265149,55.44514450279431,76.33757015510339,1.0,0.6443229658272637,0.8822761014675217,0.5026323393123533,0.5587594503623647,1.0
row_29,B-H,CC1=CC(C)=CC(NC(C=C2)=NC=C2C)=N1,CC1=CC(C)=CC(N)=N1,CC1=CN=C(Br)C=C1,AM-I,0.88,0.2,1.07,52.8,12.0,64.2,AM-I,1.0,0.9810951482686971,44.39606123495921,30.309405108750553,55.96533311467256,,,,,,,,,,,,,1.0,0.931567928686891,0.8032045374834302,0.6621140455517791,0.7560683568723421,0.9859298004904737
row_30,B-H,COC(C(C)=C1)=CC=C1NC2=CN=C(SC)N=C2C(OC)=O,NC1=CC=C(OC)C(C)=C1,O=C(C1=NC(SC)=NC=C1Br)OC,AM-I,1.41,0.2,1.17,84.6,12.0,70.2,AM-I,1.0,0.9810951482686971,84.58180021660188,49.27457655015108,71.83001640679429,,,,,,,,,,,,,1.0,0.9189387624351091,0.9661848504088449,0.9037271706733018,0.6335609111721234,0.754571211073961
row_31,B-H,O=CC(S1)=CN=C1NC2=CN=CC3=C2C=CC=C3,NC1=NC=C(C=O)S1,BrC1=CN=CC2=C1C=CC=C2,AM-I,0.81,0.24,1.23,48.6,14.4,73.8,AM-I,1.0,0.9836157951662042,48.61757210011643,35.9228275577105,59.38883258736653,,,,,,,,,,,,,1.0,0.7164030024765858,0.9206364520288207,0.5291387777422661,0.5743155767489709,0.9247232238507768
row_32,acylation,COc1ccc(NC(=O)c2ccc3nccnc3c2)cn1,COc1ccc(N)cn1,O=C(O)c1ccc2nccnc2c1,AM-I,0.9783,0.2258,0.7308,58.698,13.548,43.848,AM-I,1.0,0.9827209655175891,58.770579703173894,37.3584481987548,48.55718525365703,,,,,,,,,,,,,1.0,0.5805567263825553,0.7836680763027893,0.86745333626017,0.6600581218067489,0.9660977913650469
row_33,acylation,COc1ccc(NC(=O)c2ccc(C(F)(F)F)cn2)cn1,COc1ccc(N)cn1,O=C(O)c1ccc(C(F)(F)F)cn1,AM-I,1.26,0.2258,0.9158,75.6,13.548,54.948,"AM-I, AM-III",1.0,0.9827209655175891,69.66513405325257,37.3584481987548,53.81650331551455,,,,85.19098733850029,61.14871524369332,75.86835190351971,,,,,,,1.0,0.7349574799274587,1.0,0.9445932671183854,0.7043296406078561,0.9763139753811888
row_34,acylation,CN(C(=O)c1ccc(C(F)(F)F)cn1)c1ccc(F)cc1,CNc1ccc(F)cc1,O=C(O)c1ccc(C(F)(F)F)cn1,AM-VI,1.4675,0.32,1.1117,88.05,19.2,66.702,AM-VI,1.0,0.9886570889612183,,,,,,,,,,,,,86.2640502588187,69.87509843847891,59.13173142733413,0.9678777314142977,0.7445832641568781,0.9734534108057042,0.976233279633547,0.3868687733773666,1.0
row_35,acylation,COc1ccc(NC(=O)c2cc3ccccc3o2)cn1,COc1ccc(N)cn1,O=C(O)c1cc2ccccc2o1,AM-I,1.19,0.2258,0.99,71.4,13.548,59.4,"AM-I, AM-III",1.0,0.9827209655175891,76.91160467757696,37.3584481987548,62.248259691989226,,,,81.60942589825049,61.14871524369332,70.52840639866628,,,,,,,1.0,0.7560174449908934,1.0,0.8261854287405541,0.8624277657029104,0.969134223193737
row_36,acylation,Cc1ccc(CNC(=O)c2cc3ccccc3o2)cc1,Cc1ccc(CN)cc1,O=C(O)c1cc2ccccc2o1,AM-I,1.3375,0.29,0.99,80.25,17.4,59.4,AM-I,1.0,0.986766603788088,81.53479817494495,45.0875933616963,62.248259691989226,,,,,,,,,,,,,1.0,0.822548875043081,0.9608424723744663,0.9520671751567049,0.5474802460053338,0.9642313450198787
row_37,acylation,Cc1ccc(S(=O)(=O)NC(=O)C2c3ccccc3Oc3ccccc32)cc1,Cc1ccc(S(N)(=O)=O)cc1,O=C(O)C1c2ccccc2Oc2ccccc21,AM-III,1.5567,0.9467,1.4,93.402,56.802,84.0,AM-III,1.0,1.0,,,,,,,91.80920986194616,66.99941900882311,79.63650697014793,,,,,,,0.6697619677898026,0.7830016866966575,1.0,0.6652389077379568,0.7408243459739288,0.8981433019580441
row_38,acylation,Cc1ccc(S(=O)(=O)NC(=O)C(c2ccccc2)c2ccccc2)cc1,Cc1ccc(S(N)(=O)=O)cc1,O=C(O)C(c1ccccc1)c1ccccc1,AM-III,1.59,0.9467,1.39,95.4,56.802,83.4,AM-III,1.0,1.0,,,,,,,93.59074749761939,66.99941900882311,81.30656609627442,,,,,,,0.9793964270325879,0.8650904130655879,1.0,0.8511276117337092,0.8577455471988394,0.9276318878580171
row_39,acylation,Cc1ccc(CNC(=O)/C=C/c2ccccc2)cc1,Cc1ccc(CN)cc1,O=C(O)/C=C/c1ccccc1,AM-I,1.2984,0.29,1.0458,77.904,17.4,62.748,AM-I,1.0,0.986766603788088,82.00695883602869,45.0875933616963,60.46867708320963,,,,,,,,,,,,,1.0,0.8290650440698221,0.969679134992362,0.966138531302983,0.7095316155963419,0.9488214130275909
