Reaction_type,P,S1,S2
SNAr,O=C(C1=CC=CC=C1)C2=CC=CC=C2N(CCC3)CC3C,CC1CNCCC1,O=C(C1=CC=CC=C1F)C2=CC=CC=C2
SNAr,N#CC1=CC=C(N(CC2)CCN2CCCC)C=C1C,CCCCN1CCNCC1,N#CC1=CC=C(F)C=C1C
SNAr,N#CC1=CC=C(N(CCC2)CC2C)N=C1,CC1CNCCC1,N#CC1=CC=C(Cl)N=C1
SNAr,N#CC1=CC(N(CCC2)CC2C)=NC=C1,CC1CNCCC1,N#CC1=CC(Cl)=NC=C1
SNAr,C12CCCN(C3=NC=CN=C3)C1CCCC2,C12CCCNC1CCCC2,FC1=NC=CN=C1
SNAr,COC1=C(N(CCC2)CC2C)C=NC(OC)=N1,CC1CNCCC1,COC(N=C1OC)=C(C=N1)Br
SNAr,N#CC1=CN=C(NC2CCCCC2)C=C1,NC1CCCCC1,N#CC1=CN=C(Br)C=C1
SNAr,CCC1=CN=C(N(C)CCC)N=C1,CCCNC,CCC1=CN=C(Cl)N=C1
SNAr,N#CC1=CC=CN=C1N(CCC2)CC2C,CC1CNCCC1,N#CC1=CC=CN=C1F
SNAr,O=C(OCC)C1=CN=C(NCC2=CC=CC=C2F)N=C1,NCC1=CC=CC=C1F,O=C(C1=CN=C(Cl)N=C1)OCC
SNAr,O=C(OCC)C1=CN=C(NC2=CC=CC(C)=C2C)N=C1,NC1=CC=CC(C)=C1C,O=C(C1=CN=C(Cl)N=C1)OCC
SNAr,C1(NC2CCCCC2)=CN=C(N3CCOCC3)C=C1,NC1CCCCC1,BrC1=CN=C(C=C1)N2CCOCC2
SNAr,N#CC1=CN=C(N(CCC2)CC2C)C=C1,CC1CNCCC1,N#CC1=CN=C(Br)C=C1
SNAr,CC1=CC=CN=C1N(CCC2)C2CO,OCC1NCCC1,CC1=CC=CN=C1Br
SNAr,O=[N+]([O-])C1=CC=C(NC2=CC=C(N=C2)OC)N=C1C,NC1=CC=C(OC)N=C1,O=[N+](C1=CC=C(F)N=C1C)[O-]
SNAr,CC1=CN=C(N2C(C=CN=C3)=C3C=C2)N=C1,C12=C(NC=C2)C=CN=C1,CC1=CN=C(Cl)N=C1
SNAr,CC1=CC=CC(NC2=CC(C(C)=O)=CC=C2)=N1,NC1=CC(C(C)=O)=CC=C1,CC1=CC=CC(F)=N1
SNAr,N#CC1=CC=CN=C1NC2=CC=CC(C)=C2C,NC1=CC=CC(C)=C1C,N#CC1=CC=CN=C1F
SNAr,O=[N+]([O-])C1=CN=C(NC2=CC(C#C)=CC=C2)C(C)=C1,C#CC1=CC=CC(N)=C1,O=[N+](C1=CN=C(F)C(C)=C1)[O-]
SNAr,N#CC1=CC=C(N2C(C)=CC3=C2C=CC=C3)C=C1C(F)(F)F,CC(N1)=CC2=C1C=CC=C2,N#CC1=CC=C(F)C=C1C(F)(F)F
SNAr,CC1=CN=C(N2C(C=CN=C3)=C3C=C2)N=C1,C12=C(NC=C2)C=CN=C1,CC1=CN=C(Br)N=C1
SNAr,CCCCN1CCN(C2=CC=CC(C(F)(F)F)=C2C#N)CC1,CCCCN1CCNCC1,N#CC1=C(C(F)(F)F)C=CC=C1F
SNAr,O=[N+]([O-])C1=CC=C(NC2=CC=CC=C2C)N=C1C,NC1=CC=CC=C1C,O=[N+](C1=CC=C(F)N=C1C)[O-]
SNAr,O=[N+]([O-])C1=CC=C(NC2CCCC2)N=C1C,NC1CCCC1,O=[N+](C1=CC=C(F)N=C1C)[O-]
SNAr,O=[N+]([O-])C1=CC=C(N(CCOC)C(C)C)N=C1C,CC(NCCOC)C,O=[N+](C1=CC=C(F)N=C1C)[O-]
SNAr,O=[N+]([O-])C1=CC=C(NC2=CC=C(C=C2)C)N=C1C,NC1=CC=C(C)C=C1,O=[N+](C1=CC=C(F)N=C1C)[O-]
SNAr,O=[N+]([O-])C1=CC=CC=C1N(CC2)CCC2N3CCCCC3,C1(N2CCCCC2)CCNCC1,O=[N+](C1=CC=CC=C1F)[O-]
SNAr,N#CC1=CC=CC=C1N(CC2)CCC2N3CCCCC3,C1(N2CCCCC2)CCNCC1,N#CC1=CC=CC=C1F
SNAr,O=C(OCC)C1=CN=C(NC2=CC=CN=C2C)N=C1,CC1=NC=CC=C1N,O=C(C1=CN=C(Cl)N=C1)OCC
acylation,COc1ccc(NC(=O)c2ccc3nccnc3c2)cn1,COc1ccc(N)cn1,O=C(O)c1ccc2nccnc2c1
acylation,COc1ccc(NC(=O)c2ccc(C(F)(F)F)cn2)cn1,COc1ccc(N)cn1,O=C(O)c1ccc(C(F)(F)F)cn1
acylation,CN(C(=O)c1ccc(C(F)(F)F)cn1)c1ccc(F)cc1,CNc1ccc(F)cc1,O=C(O)c1ccc(C(F)(F)F)cn1
acylation,COc1ccc(NC(=O)c2cc3ccccc3o2)cn1,COc1ccc(N)cn1,O=C(O)c1cc2ccccc2o1
acylation,Cc1ccc(CNC(=O)c2cc3ccccc3o2)cc1,Cc1ccc(CN)cc1,O=C(O)c1cc2ccccc2o1
acylation,Cc1ccc(S(=O)(=O)NC(=O)C2c3ccccc3Oc3ccccc32)cc1,Cc1ccc(S(N)(=O)=O)cc1,O=C(O)C1c2ccccc2Oc2ccccc21
acylation,Cc1ccc(S(=O)(=O)NC(=O)C(c2ccccc2)c2ccccc2)cc1,Cc1ccc(S(N)(=O)=O)cc1,O=C(O)C(c1ccccc1)c1ccccc1
acylation,Cc1ccc(CNC(=O)/C=C/c2ccccc2)cc1,Cc1ccc(CN)cc1,O=C(O)/C=C/c1ccccc1
acylation,CC(=O)c1ccc(NC(=O)Cc2ccc(C)cc2)cc1,CC(=O)c1ccc(N)cc1,Cc1ccc(CC(=O)O)cc1
acylation,COc1ccc(CC(=O)Nc2ccc(C(C)=O)cc2)cc1,CC(=O)c1ccc(N)cc1,COc1ccc(CC(=O)O)cc1
acylation,CC(=O)c1ccc(NC(=O)Cc2cc(F)cc(F)c2)cc1,CC(=O)c1ccc(N)cc1,O=C(O)Cc1cc(F)cc(F)c1
acylation,CC(=O)c1ccc(NC(=O)C(C)c2ccc(CC3CCCC3=O)cc2)cc1,CC(=O)c1ccc(N)cc1,CC(C(=O)O)c1ccc(CC2CCCC2=O)cc1
acylation,CC(=O)c1ccc(NC(=O)Cc2ccc3c(c2)OCO3)cc1,CC(=O)c1ccc(N)cc1,O=C(O)Cc1ccc2c(c1)OCO2
acylation,CC(=O)c1ccc(NC(=O)Cc2ccc3c(c2)C(=O)c2ccccc2CO3)cc1,CC(=O)c1ccc(N)cc1,O=C(O)Cc1ccc2c(c1)C(=O)c1ccccc1CO2
acylation,CC(=O)c1ccc(NC(=O)/C=C/c2ccccc2)cc1,CC(=O)c1ccc(N)cc1,O=C(O)/C=C/c1ccccc1
acylation,CC(=O)c1ccc(NC(=O)c2c(C)cccc2C)cc1,CC(=O)c1ccc(N)cc1,Cc1cccc(C)c1C(=O)O
acylation,COc1ccc(NC(=O)Cc2ccc(C)cc2)cn1,COc1ccc(N)cn1,Cc1ccc(CC(=O)O)cc1
acylation,COc1ccc(NC(=O)COc2ccccc2)cn1,COc1ccc(N)cn1,O=C(O)COc1ccccc1
acylation,COc1ccc(NC(=O)Cc2cc(F)cc(F)c2)cn1,COc1ccc(N)cn1,O=C(O)Cc1cc(F)cc(F)c1
acylation,Cc1ccc(N(C(=O)C(C)c2ccc(CC3CCCC3=O)cc2)c2ccccc2)cc1,Cc1ccc(Nc2ccccc2)cc1,CC(C(=O)O)c1ccc(CC2CCCC2=O)cc1
acylation,CC(C(=O)NCc1ccccc1)c1ccc(-c2ccccc2)c(F)c1,NCc1ccccc1,CC(C(=O)O)c1ccc(-c2ccccc2)c(F)c1
acylation,O=C(NCc1ccccc1)C1c2ccccc2Oc2ccccc21,NCc1ccccc1,O=C(O)C1c2ccccc2Oc2ccccc21
acylation,O=C(Cc1ccc2c(c1)C(=O)c1ccccc1CO2)NCc1ccccc1,NCc1ccccc1,O=C(O)Cc1ccc2c(c1)C(=O)c1ccccc1CO2
acylation,O=C(NCc1ccccc1)c1ccc([N+](=O)[O-])cc1,NCc1ccccc1,O=C(O)c1ccc([N+](=O)[O-])cc1
acylation,Cc1cc(C)cc(C(=O)NCc2ccc(F)cc2F)c1,NCc1ccc(F)cc1F,Cc1cc(C)cc(C(=O)O)c1
acylation,CC(C)(C(=O)NCc1ccc(F)cc1F)c1ccccc1,NCc1ccc(F)cc1F,CC(C)(C(=O)O)c1ccccc1
acylation,Cc1ccc(CC(=O)NCc2ccco2)cc1,NCc1ccco1,Cc1ccc(CC(=O)O)cc1
acylation,O=C(NCc1ccco1)c1ccc(C(F)(F)F)cn1,NCc1ccco1,O=C(O)c1ccc(C(F)(F)F)cn1
acylation,COc1ccc(CC(=O)NCc2ccc(C)cc2)cc1,Cc1ccc(CN)cc1,COc1ccc(CC(=O)O)cc1
acylation,Cc1ccc(CNC(=O)c2c(C)cccc2C)cc1,Cc1ccc(CN)cc1,Cc1cccc(C)c1C(=O)O
acylation,Cc1ccc(CNC(=O)Cc2ccc3c(c2)OCO3)cc1,Cc1ccc(CN)cc1,O=C(O)Cc1ccc2c(c1)OCO2
acylation,COc1ccc(CNC(=O)C(C)c2ccc(-c3ccccc3)c(F)c2)cc1,COc1ccc(CN)cc1,CC(C(=O)O)c1ccc(-c2ccccc2)c(F)c1
acylation,COc1ccc(CNC(=O)C2c3ccccc3Oc3ccccc32)cc1,COc1ccc(CN)cc1,O=C(O)C1c2ccccc2Oc2ccccc21
acylation,Cc1ccc(CC(=O)NCc2ccc3c(c2)OCO3)cc1,NCc1ccc2c(c1)OCO2,Cc1ccc(CC(=O)O)cc1
acylation,CC(C(=O)NCc1ccc2c(c1)OCO2)c1ccc(CBr)cc1,NCc1ccc2c(c1)OCO2,CC(C(=O)O)c1ccc(CBr)cc1
acylation,O=C(NCc1ccc2c(c1)OCO2)c1ccc(C(F)(F)F)cn1,NCc1ccc2c(c1)OCO2,O=C(O)c1ccc(C(F)(F)F)cn1
acylation,CC(C)(C(=O)NCc1ccc2c(c1)OCO2)c1ccccc1,NCc1ccc2c(c1)OCO2,CC(C)(C(=O)O)c1ccccc1
acylation,O=C(Cc1ccc2c(c1)C(=O)c1ccccc1CO2)NCc1ccc2c(c1)OCO2,NCc1ccc2c(c1)OCO2,O=C(O)Cc1ccc2c(c1)C(=O)c1ccccc1CO2
acylation,CC(C(=O)NCc1cccc2ccccc12)c1ccc(CC2CCCC2=O)cc1,NCc1cccc2ccccc12,CC(C(=O)O)c1ccc(CC2CCCC2=O)cc1
acylation,O=C(NCc1cccc2ccccc12)C(c1ccccc1)c1ccccc1,NCc1cccc2ccccc12,O=C(O)C(c1ccccc1)c1ccccc1
acylation,O=C(Cc1ccc2c(c1)OCO2)NCc1cccc2ccccc12,NCc1cccc2ccccc12,O=C(O)Cc1ccc2c(c1)OCO2
acylation,CCc1cccc(NC(=O)Cc2ccc3c(c2)OCO3)c1,CCc1cccc(N)c1,O=C(O)Cc1ccc2c(c1)OCO2
acylation,O=C(Cc1cc(F)cc(F)c1)Nc1ccc2c(c1)OCCO2,Nc1ccc2c(c1)OCCO2,O=C(O)Cc1cc(F)cc(F)c1
acylation,O=C(Cc1ccc2c(c1)OCO2)Nc1ccc2c(c1)OCCO2,Nc1ccc2c(c1)OCCO2,O=C(O)Cc1ccc2c(c1)OCO2
acylation,CC(NC(=O)c1ccc2c(c1)OCCO2)c1cccc2ccccc12,C[C@H](N)c1cccc2ccccc12,O=C(O)c1ccc2c(c1)OCCO2
acylation,Cc1ccc(NC(=O)c2cc3ccccc3s2)nc1,Cc1ccc(N)nc1,O=C(O)c1cc2ccccc2s1
acylation,Cc1ccc(NC(=O)Cc2ccc([N+](=O)[O-])cc2)cc1,Cc1ccc(N)cc1,O=C(O)Cc1ccc([N+](=O)[O-])cc1
acylation,COc1ncc(Br)cc1C(=O)Nc1ccc(C)cc1,Cc1ccc(N)cc1,COc1ncc(Br)cc1C(=O)O
acylation,Cc1ccc(NC(=O)C2Cc3ccccc3C2)cc1,Cc1ccc(N)cc1,O=C(O)C1Cc2ccccc2C1
acylation,Cc1ccc(NC(=O)c2cc3ccccc3s2)cc1,Cc1ccc(N)cc1,O=C(O)c1cc2ccccc2s1
acylation,COc1ccc(NC(=O)c2cc(C)nc(Cl)c2)cn1,COc1ccc(N)cn1,Cc1cc(C(=O)O)cc(Cl)n1
acylation,COc1ccc(NC(=O)c2cc(F)ccc2C)cn1,COc1ccc(N)cn1,Cc1ccc(F)cc1C(=O)O
acylation,COc1ccc(NC(=O)c2ccc(Br)s2)cn1,COc1ccc(N)cn1,O=C(O)c1ccc(Br)s1
acylation,COc1ccc(NC(=O)C2Cc3ccccc3C2)cn1,COc1ccc(N)cn1,O=C(O)C1Cc2ccccc2C1
acylation,COc1ccc(NC(=O)c2cccc(-c3ccccc3)c2)cn1,COc1ccc(N)cn1,O=C(O)c1cccc(-c2ccccc2)c1
acylation,COc1ccc(NC(=O)c2cc3ccccc3s2)cn1,COc1ccc(N)cn1,O=C(O)c1cc2ccccc2s1
acylation,COc1ncc(Br)cc1C(=O)Nc1cccc2ccc(C)nc12,Cc1ccc2cccc(N)c2n1,COc1ncc(Br)cc1C(=O)O
acylation,Cc1ccc(CNC(=O)Cc2ccc([N+](=O)[O-])cc2)cc1,Cc1ccc(CN)cc1,O=C(O)Cc1ccc([N+](=O)[O-])cc1
acylation,Cc1ccc(CNC(=O)c2ccc(Br)s2)cc1,Cc1ccc(CN)cc1,O=C(O)c1ccc(Br)s1
acylation,Cc1ccc(CNC(=O)c2cc3ccccc3s2)cc1,Cc1ccc(CN)cc1,O=C(O)c1cc2ccccc2s1
acylation,O=C(NCc1ccc(F)cc1F)c1cnccn1,NCc1ccc(F)cc1F,O=C(O)c1cnccn1
acylation,COc1ncc(Br)cc1C(=O)NCc1ccc(F)cc1F,NCc1ccc(F)cc1F,COc1ncc(Br)cc1C(=O)O
acylation,O=C(NCc1ccc(F)cc1F)c1ccc(Br)s1,NCc1ccc(F)cc1F,O=C(O)c1ccc(Br)s1
acylation,O=C(NCc1ccc(F)cc1F)c1cc2ccccc2o1,NCc1ccc(F)cc1F,O=C(O)c1cc2ccccc2o1
acylation,Cc1cc(C(=O)NCc2cccc3ccccc23)cc(Cl)n1,NCc1cccc2ccccc12,Cc1cc(C(=O)O)cc(Cl)n1
acylation,O=C(NCc1cccc2ccccc12)c1cnccn1,NCc1cccc2ccccc12,O=C(O)c1cnccn1
acylation,Cc1ccc(F)cc1C(=O)NCc1cccc2ccccc12,NCc1cccc2ccccc12,Cc1ccc(F)cc1C(=O)O
acylation,O=C(NCc1cccc2ccccc12)c1cccc(-c2ccccc2)c1,NCc1cccc2ccccc12,O=C(O)c1cccc(-c2ccccc2)c1
acylation,O=C(NCc1cccc2ccccc12)c1cc2ccccc2s1,NCc1cccc2ccccc12,O=C(O)c1cc2ccccc2s1
acylation,CC(=O)c1ccc(NC(=O)C2Cc3ccccc3C2)cc1,CC(=O)c1ccc(N)cc1,O=C(O)C1Cc2ccccc2C1
acylation,CC(=O)c1ccc(NC(=O)c2cc(F)ccc2C)cc1,CC(=O)c1ccc(N)cc1,Cc1ccc(F)cc1C(=O)O
acylation,CC(=O)c1ccc(NC(=O)c2cc3ccccc3o2)cc1,CC(=O)c1ccc(N)cc1,O=C(O)c1cc2ccccc2o1
acylation,O=C(NCc1ccco1)C1Cc2ccccc2C1,NCc1ccco1,O=C(O)C1Cc2ccccc2C1
acylation,Cc1cc(C)c(C(=O)NCc2ccc(Cl)cc2)c(C)c1,NCc1ccc(Cl)cc1,Cc1cc(C)c(C(=O)O)c(C)c1
acylation,O=C(NCc1ccc(Cl)cc1)c1ccc2nccnc2c1,NCc1ccc(Cl)cc1,O=C(O)c1ccc2nccnc2c1
acylation,CSc1ccc(NC(=O)C(c2ccccc2)c2ccccc2)cc1,CSc1ccc(N)cc1,O=C(O)C(c1ccccc1)c1ccccc1
acylation,O=C(COc1ccccc1)Nc1ccc(Cl)cn1,Nc1ccc(Cl)cn1,O=C(O)COc1ccccc1
acylation,O=C(Cc1ccc2c(c1)OCO2)Nc1ccc(Cl)cn1,Nc1ccc(Cl)cn1,O=C(O)Cc1ccc2c(c1)OCO2
acylation,COc1ncc(Br)cc1C(=O)Nc1ccc(Cl)cn1,Nc1ccc(Cl)cn1,COc1ncc(Br)cc1C(=O)O
acylation,Cc1ccc(Cl)c(NC(=O)C2c3ccccc3Oc3ccccc32)c1,Cc1ccc(Cl)c(N)c1,O=C(O)C1c2ccccc2Oc2ccccc21
acylation,Cc1ccc(Cl)c(NC(=O)c2cc(C)nc(Cl)c2)c1,Cc1ccc(Cl)c(N)c1,Cc1cc(C(=O)O)cc(Cl)n1
acylation,Cc1ccc(CC(=O)NCc2ccccc2C(F)(F)F)cc1,NCc1ccccc1C(F)(F)F,Cc1ccc(CC(=O)O)cc1
acylation,O=C(NCc1ccccc1C(F)(F)F)C(c1ccccc1)c1ccccc1,NCc1ccccc1C(F)(F)F,O=C(O)C(c1ccccc1)c1ccccc1
acylation,O=C(Cc1ccc2c(c1)C(=O)c1ccccc1CO2)NCc1ccccc1C(F)(F)F,NCc1ccccc1C(F)(F)F,O=C(O)Cc1ccc2c(c1)C(=O)c1ccccc1CO2
acylation,O=C(Cc1cc(F)cc(F)c1)Nc1ccc([N+](=O)[O-])cn1,Nc1ccc([N+](=O)[O-])cn1,O=C(O)Cc1cc(F)cc(F)c1
acylation,O=C(Nc1ccc([N+](=O)[O-])cn1)C(c1ccccc1)c1ccccc1,Nc1ccc([N+](=O)[O-])cn1,O=C(O)C(c1ccccc1)c1ccccc1
acylation,O=C(Cc1ccc(C(F)(F)F)cc1)Nc1ccc([N+](=O)[O-])cn1,Nc1ccc([N+](=O)[O-])cn1,O=C(O)Cc1ccc(C(F)(F)F)cc1
acylation,O=C(Nc1ccc([N+](=O)[O-])cn1)C1c2ccccc2Oc2ccccc21,Nc1ccc([N+](=O)[O-])cn1,O=C(O)C1c2ccccc2Oc2ccccc21
acylation,O=C(Cc1ccc([N+](=O)[O-])cc1)Nc1ccc([N+](=O)[O-])cn1,Nc1ccc([N+](=O)[O-])cn1,O=C(O)Cc1ccc([N+](=O)[O-])cc1
acylation,Cc1ccc(NC(=O)C2CCN(C(=O)OCc3ccccc3)CC2)cc1,Cc1ccc(N)cc1,O=C(O)C1CCN(C(=O)OCc2ccccc2)CC1
acylation,Cc1ccc2cccc(NC(=O)C3C[C@H]3c3ccccc3)c2n1,Cc1ccc2cccc(N)c2n1,O=C(O)C1C[C@H]1c1ccccc1
acylation,Cc1ccc2cccc(NC(=O)c3ccc(F)cn3)c2n1,Cc1ccc2cccc(N)c2n1,O=C(O)c1ccc(F)cn1
acylation,Cc1ccc2cccc(NC(=O)c3cc(Cl)cc(Cl)n3)c2n1,Cc1ccc2cccc(N)c2n1,O=C(O)c1cc(Cl)cc(Cl)n1
acylation,COc1ccc(NC(=O)C2C[C@H]2c2ccccc2)cc1OC,COc1ccc(N)cc1OC,O=C(O)C1C[C@H]1c1ccccc1
acylation,Cc1ccc(Oc2ccc(NC(=O)C3C[C@H]3c3ccccc3)cc2)cc1,Cc1ccc(Oc2ccc(N)cc2)cc1,O=C(O)C1C[C@H]1c1ccccc1
acylation,Cc1ccc(Oc2ccc(NC(=O)c3ccc(F)cn3)cc2)cc1,Cc1ccc(Oc2ccc(N)cc2)cc1,O=C(O)c1ccc(F)cn1
acylation,Cc1ccc(Oc2ccc(NC(=O)C3CCC(F)(F)CC3)cc2)cc1,Cc1ccc(Oc2ccc(N)cc2)cc1,O=C(O)C1CCC(F)(F)CC1
acylation,Cc1ccc(Oc2ccc(NC(=O)C3CCCN3C(=O)OCc3ccccc3)cc2)cc1,Cc1ccc(Oc2ccc(N)cc2)cc1,O=C(O)C1CCCN1C(=O)OCc1ccccc1
acylation,Cc1ccc(Oc2ccc(NC(=O)C3CCN(C(=O)OCc4ccccc4)CC3)cc2)cc1,Cc1ccc(Oc2ccc(N)cc2)cc1,O=C(O)C1CCN(C(=O)OCc2ccccc2)CC1
acylation,CC(C)(C)OC(=O)N1CC2(CC2)CC1C(=O)NCc1ccc(Br)cc1,NCc1ccc(Br)cc1,CC(C)(C)OC(=O)N1CC2(CC2)CC1C(=O)O
acylation,Cc1c(C(=O)NCc2ccc(Br)cc2)oc2ccccc12,NCc1ccc(Br)cc1,Cc1c(C(=O)O)oc2ccccc12
acylation,O=C(NCc1ccc2c(c1)OCO2)C1C[C@H]1c1ccccc1,NCc1ccc2c(c1)OCO2,O=C(O)C1C[C@H]1c1ccccc1
acylation,O=C(NCc1ccc2c(c1)OCO2)c1cc(Cl)cc(Cl)n1,NCc1ccc2c(c1)OCO2,O=C(O)c1cc(Cl)cc(Cl)n1
acylation,O=C(NCc1ccc2c(c1)OCO2)C1CCC(F)(F)CC1,NCc1ccc2c(c1)OCO2,O=C(O)C1CCC(F)(F)CC1
acylation,COc1ccc(NC(=O)C2CN(C(=O)OCc3ccccc3)C2)cn1,COc1ccc(N)cn1,O=C(O)C1CN(C(=O)OCc2ccccc2)C1
acylation,CC(C)(C)OC(=O)N1CC2(CC2)CC1C(=O)Nc1ccc([N+](=O)[O-])cn1,Nc1ccc([N+](=O)[O-])cn1,CC(C)(C)OC(=O)N1CC2(CC2)CC1C(=O)O
acylation,Cc1c(C(=O)Nc2ccc([N+](=O)[O-])cn2)oc2ccccc12,Nc1ccc([N+](=O)[O-])cn1,Cc1c(C(=O)O)oc2ccccc12
acylation,O=C(Nc1ccc([N+](=O)[O-])cn1)C1C[C@H]1c1ccccc1,Nc1ccc([N+](=O)[O-])cn1,O=C(O)C1C[C@H]1c1ccccc1
acylation,O=C(Nc1ccc([N+](=O)[O-])cn1)c1cc(Cl)cc(Cl)n1,Nc1ccc([N+](=O)[O-])cn1,O=C(O)c1cc(Cl)cc(Cl)n1
acylation,O=C(Nc1ccc([N+](=O)[O-])cn1)C1CCC(F)(F)CC1,Nc1ccc([N+](=O)[O-])cn1,O=C(O)C1CCC(F)(F)CC1
acylation,CC(=O)c1ccc(NC(=O)c2ccccc2Cc2ccccc2)cc1,CC(=O)c1ccc(N)cc1,O=C(O)c1ccccc1Cc1ccccc1
acylation,CC(=O)c1ccc(NC(=O)c2ccc([N+](=O)[O-])s2)cc1,CC(=O)c1ccc(N)cc1,O=C(O)c1ccc([N+](=O)[O-])s1
acylation,CC(=O)c1ccc(NC(=O)c2oc3ccccc3c2C)cc1,CC(=O)c1ccc(N)cc1,Cc1c(C(=O)O)oc2ccccc12
acylation,CC(=O)c1ccc(NC(=O)C2C(C)(C)C2(C)C)cc1,CC(=O)c1ccc(N)cc1,CC1(C)C(C(=O)O)C1(C)C
acylation,CC(=O)c1ccc(NC(=O)C2C[C@H]2c2ccccc2)cc1,CC(=O)c1ccc(N)cc1,O=C(O)C1C[C@H]1c1ccccc1
acylation,CC(=O)c1ccc(NC(=O)c2cc(Cl)cc(Cl)n2)cc1,CC(=O)c1ccc(N)cc1,O=C(O)c1cc(Cl)cc(Cl)n1
acylation,CC(=O)c1ccc(NC(=O)C2CC3(CC3)CN2C(=O)OC(C)(C)C)cc1,CC(=O)c1ccc(N)cc1,CC(C)(C)OC(=O)N1CC2(CC2)CC1C(=O)O
acylation,COC(=O)c1cc(F)ccc1NC(=O)c1ccc2nccnc2c1,COC(=O)c1cc(F)ccc1N,O=C(O)c1ccc2nccnc2c1
acylation,COC(=O)c1cc(F)ccc1NC(=O)c1ccc(F)cn1,COC(=O)c1cc(F)ccc1N,O=C(O)c1ccc(F)cn1
acylation,COC(=O)c1cc(F)ccc1NC(=O)c1cnc(Cl)nc1,COC(=O)c1cc(F)ccc1N,O=C(O)c1cnc(Cl)nc1
acylation,COC(=O)c1cc(F)ccc1NC(=O)c1ccc2c(c1)OCCO2,COC(=O)c1cc(F)ccc1N,O=C(O)c1ccc2c(c1)OCCO2
acylation,C[C@@H](NC(=O)c1ccco1)c1ccccc1,C[C@@H](N)c1ccccc1,O=C(O)c1ccco1
acylation,C[C@@H](NC(=O)c1ccc(F)cn1)c1ccccc1,C[C@@H](N)c1ccccc1,O=C(O)c1ccc(F)cn1
acylation,C[C@@H](NC(=O)C1CC2(CC2)CN1C(=O)OC(C)(C)C)c1ccccc1,C[C@@H](N)c1ccccc1,CC(C)(C)OC(=O)N1CC2(CC2)CC1C(=O)O
acylation,Cc1ccc(F)cc1C(=O)NC1CCc2ccccc21,NC1CCc2ccccc21,Cc1ccc(F)cc1C(=O)O
acylation,O=C(NC1CCc2ccccc21)c1ccc2nccnc2c1,NC1CCc2ccccc21,O=C(O)c1ccc2nccnc2c1
acylation,O=C(NC1CCc2ccccc21)c1ccc(F)cn1,NC1CCc2ccccc21,O=C(O)c1ccc(F)cn1
acylation,Cc1cccc(C)c1C(=O)N(c1ccccc1)C(C)C,CC(C)Nc1ccccc1,Cc1cccc(C)c1C(=O)O
acylation,Cc1cc(C)c(C(=O)N(c2ccccc2)C(C)C)c(C)c1,CC(C)Nc1ccccc1,Cc1cc(C)c(C(=O)O)c(C)c1
acylation,CC(C)N(C(=O)c1ccccc1Cc1ccccc1)c1ccccc1,CC(C)Nc1ccccc1,O=C(O)c1ccccc1Cc1ccccc1
acylation,CC(C)N(C(=O)Cc1ccc2c(c1)OCO2)c1ccccc1,CC(C)Nc1ccccc1,O=C(O)Cc1ccc2c(c1)OCO2
acylation,CC(C)N(C(=O)C1c2ccccc2Oc2ccccc21)c1ccccc1,CC(C)Nc1ccccc1,O=C(O)C1c2ccccc2Oc2ccccc21
acylation,CC(C)N(C(=O)Cc1ccc2c(c1)C(=O)c1ccccc1CO2)c1ccccc1,CC(C)Nc1ccccc1,O=C(O)Cc1ccc2c(c1)C(=O)c1ccccc1CO2
acylation,CC(C)N(C(=O)c1ccco1)c1ccccc1,CC(C)Nc1ccccc1,O=C(O)c1ccco1
acylation,Cc1cc(C(=O)N(c2ccccc2)C(C)C)cc(Cl)n1,CC(C)Nc1ccccc1,Cc1cc(C(=O)O)cc(Cl)n1
acylation,CC(C)N(C(=O)c1ccc(Br)s1)c1ccccc1,CC(C)Nc1ccccc1,O=C(O)c1ccc(Br)s1
acylation,CC(C)N(C(=O)C1Cc2ccccc2C1)c1ccccc1,CC(C)Nc1ccccc1,O=C(O)C1Cc2ccccc2C1
acylation,CC(C)N(C(=O)C1C(C)(C)C1(C)C)c1ccccc1,CC(C)Nc1ccccc1,CC1(C)C(C(=O)O)C1(C)C
acylation,CC(C)N(C(=O)c1ccc(F)cn1)c1ccccc1,CC(C)Nc1ccccc1,O=C(O)c1ccc(F)cn1
acylation,CC(C)N(C(=O)C1C[C@H]1c1ccccc1)c1ccccc1,CC(C)Nc1ccccc1,O=C(O)C1C[C@H]1c1ccccc1
acylation,CC(C)N(C(=O)c1cnc(Cl)nc1)c1ccccc1,CC(C)Nc1ccccc1,O=C(O)c1cnc(Cl)nc1
acylation,CC(C)N(C(=O)C1CCCN1C(=O)OCc1ccccc1)c1ccccc1,CC(C)Nc1ccccc1,O=C(O)C1CCCN1C(=O)OCc1ccccc1
acylation,CC(C)N(C(=O)C1CCN(C(=O)OCc2ccccc2)CC1)c1ccccc1,CC(C)Nc1ccccc1,O=C(O)C1CCN(C(=O)OCc2ccccc2)CC1
acylation,Cc1cc(C)c(C(=O)N(C)c2ccc(F)cc2)c(C)c1,CNc1ccc(F)cc1,Cc1cc(C)c(C(=O)O)c(C)c1
acylation,CN(C(=O)c1cc(C(C)(C)C)cc(C(C)(C)C)c1)c1ccc(F)cc1,CNc1ccc(F)cc1,CC(C)(C)c1cc(C(=O)O)cc(C(C)(C)C)c1
acylation,CN(C(=O)c1ccco1)c1ccc(F)cc1,CNc1ccc(F)cc1,O=C(O)c1ccco1
acylation,CN(C(=O)c1ccc(Br)s1)c1ccc(F)cc1,CNc1ccc(F)cc1,O=C(O)c1ccc(Br)s1
acylation,CN(C(=O)C1CC2(CC2)CN1C(=O)OC(C)(C)C)c1ccc(F)cc1,CNc1ccc(F)cc1,CC(C)(C)OC(=O)N1CC2(CC2)CC1C(=O)O
acylation,COc1ccc(N(C)C(=O)Cc2cc(F)cc(F)c2)cc1,CNc1ccc(OC)cc1,O=C(O)Cc1cc(F)cc(F)c1
acylation,COc1ccc(N(C)C(=O)c2c(C)cc(C)cc2C)cc1,CNc1ccc(OC)cc1,Cc1cc(C)c(C(=O)O)c(C)c1
acylation,COc1ccc(N(C)C(=O)C(c2ccccc2)c2ccccc2)cc1,CNc1ccc(OC)cc1,O=C(O)C(c1ccccc1)c1ccccc1
acylation,COc1ccc(N(C)C(=O)c2ccc3nc(C)ccc3c2)cc1,CNc1ccc(OC)cc1,Cc1ccc2cc(C(=O)O)ccc2n1
acylation,COc1ccc(N(C)C(=O)c2cnccn2)cc1,CNc1ccc(OC)cc1,O=C(O)c1cnccn1
acylation,COc1ccc(N(C)C(=O)c2oc3ccccc3c2C)cc1,CNc1ccc(OC)cc1,Cc1c(C(=O)O)oc2ccccc12
acylation,COc1ccc(N(C)C(=O)c2cc(Cl)cc(Cl)n2)cc1,CNc1ccc(OC)cc1,O=C(O)c1cc(Cl)cc(Cl)n1
acylation,CCN(C(=O)Cc1ccc(C)cc1)c1cccc(C)c1,CCNc1cccc(C)c1,Cc1ccc(CC(=O)O)cc1
acylation,CCN(C(=O)COc1ccccc1)c1cccc(C)c1,CCNc1cccc(C)c1,O=C(O)COc1ccccc1
acylation,CCN(C(=O)Cc1ccc2c(c1)OCO2)c1cccc(C)c1,CCNc1cccc(C)c1,O=C(O)Cc1ccc2c(c1)OCO2
acylation,CCN(C(=O)c1ncccn1)c1cccc(C)c1,CCNc1cccc(C)c1,O=C(O)c1ncccn1
acylation,CCN(C(=O)c1ccc([N+](=O)[O-])s1)c1cccc(C)c1,CCNc1cccc(C)c1,O=C(O)c1ccc([N+](=O)[O-])s1
acylation,CCN(C(=O)c1oc2ccccc2c1C)c1cccc(C)c1,CCNc1cccc(C)c1,Cc1c(C(=O)O)oc2ccccc12
acylation,CCN(C(=O)Cc1ccc(C)cc1)c1ccccc1,CCNc1ccccc1,Cc1ccc(CC(=O)O)cc1
acylation,CCN(C(=O)c1ccc2nc(C)ccc2c1)c1ccccc1,CCNc1ccccc1,Cc1ccc2cc(C(=O)O)ccc2n1
acylation,CC1CCCN(C(=O)c2cc(Cl)cc(Cl)n2)C1,CC1CCCNC1,O=C(O)c1cc(Cl)cc(Cl)n1
acylation,Cc1ccc(CC(=O)N2CCC(N3CCCCC3)CC2)cc1,C1CCN(C2CCNCC2)CC1,Cc1ccc(CC(=O)O)cc1
acylation,Cc1cc(C)c(C(=O)N2CCCC3CCCCC32)c(C)c1,C1CCC2NCCCC2C1,Cc1cc(C)c(C(=O)O)c(C)c1
acylation,CCCN(C)C(=O)Cc1ccc2c(c1)OCO2,CCCNC,O=C(O)Cc1ccc2c(c1)OCO2
acylation,CCCN(C)C(=O)C(c1ccccc1)c1ccccc1,CCCNC,O=C(O)C(c1ccccc1)c1ccccc1
acylation,CC1COCCN1C(=O)C(c1ccccc1)c1ccccc1,CC1COCCN1,O=C(O)C(c1ccccc1)c1ccccc1
acylation,CON(C)C(=O)c1cccc(-c2ccccc2)c1,CNOC,O=C(O)c1cccc(-c2ccccc2)c1
acylation,CON(C)C(=O)c1cc2ccccc2s1,CNOC,O=C(O)c1cc2ccccc2s1
acylation,CON(C)C(=O)C1C(C)(C)C1(C)C,CNOC,CC1(C)C(C(=O)O)C1(C)C
acylation,CON(C)C(=O)C1C[C@H]1c1ccccc1,CNOC,O=C(O)C1C[C@H]1c1ccccc1
acylation,CON(C)C(=O)c1ccc(F)cn1,CNOC,O=C(O)c1ccc(F)cn1
acylation,CON(C)C(=O)c1cc(Cl)cc(Cl)n1,CNOC,O=C(O)c1cc(Cl)cc(Cl)n1
acylation,CON(C)C(=O)c1c[nH]c2ncccc12,CNOC,O=C(O)c1c[nH]c2ncccc12
acylation,CON(C)C(=O)C(C)c1ccc(CC2CCCC2=O)cc1,CNOC,CC(C(=O)O)c1ccc(CC2CCCC2=O)cc1
acylation,CON(C)C(=O)c1ccc(-c2ccccc2)cc1,CNOC,O=C(O)c1ccc(-c2ccccc2)cc1
acylation,CON(C)C(=O)c1ccnc(C(F)(F)F)c1,CNOC,O=C(O)c1ccnc(C(F)(F)F)c1
acylation,Cc1ccc(CC(=O)NS(=O)(=O)c2cc(F)cc(F)c2)cc1,NS(=O)(=O)c1cc(F)cc(F)c1,Cc1ccc(CC(=O)O)cc1
acylation,O=C(NS(=O)(=O)c1cc(F)cc(F)c1)C1c2ccccc2Oc2ccccc21,NS(=O)(=O)c1cc(F)cc(F)c1,O=C(O)C1c2ccccc2Oc2ccccc21
acylation,COc1ccc(S(=O)(=O)NC(=O)c2cc(F)ccc2C)cc1,COc1ccc(S(N)(=O)=O)cc1,Cc1ccc(F)cc1C(=O)O
acylation,Cc1ccc(CC(=O)Nc2ccccc2C)cc1,Cc1ccccc1N,Cc1ccc(CC(=O)O)cc1
acylation,Cc1ccc(C(=O)Nc2ccccc2C)cc1F,Cc1ccccc1N,Cc1ccc(C(=O)O)cc1F
acylation,Cc1ccccc1NC(=O)C1c2ccccc2Oc2ccccc21,Cc1ccccc1N,O=C(O)C1c2ccccc2Oc2ccccc21
acylation,Cc1ccccc1NC(=O)c1ccc2nccnc2c1,Cc1ccccc1N,O=C(O)c1ccc2nccnc2c1
acylation,Cc1ccccc1NC(=O)c1ccc(C)c2ccccc12,Cc1ccccc1N,Cc1ccc(C(=O)O)c2ccccc12
acylation,Cc1ccccc1NC(=O)c1ccc2c(c1)OC(F)(F)O2,Cc1ccccc1N,O=C(O)c1ccc2c(c1)OC(F)(F)O2
acylation,Cc1ccc(NC(=O)c2ccc(C)c3ccccc23)c(C)c1,Cc1ccc(N)c(C)c1,Cc1ccc(C(=O)O)c2ccccc12
acylation,Cc1cccc(NC(=O)C2c3ccccc3Oc3ccccc32)c1C,Cc1cccc(N)c1C,O=C(O)C1c2ccccc2Oc2ccccc21
acylation,Cc1cccc(NC(=O)c2ccc3nccnc3c2)c1C,Cc1cccc(N)c1C,O=C(O)c1ccc2nccnc2c1
acylation,Cc1cccc(NC(=O)c2ccc3c(c2)OC(F)(F)O3)c1C,Cc1cccc(N)c1C,O=C(O)c1ccc2c(c1)OC(F)(F)O2
acylation,COC(=O)c1ccc(NC(=O)c2ccc3c(c2)OC(F)(F)O3)cc1OC,COC(=O)c1ccc(N)cc1OC,O=C(O)c1ccc2c(c1)OC(F)(F)O2
acylation,C#Cc1cccc(NC(=O)Cc2ccc(C)cc2)c1,C#Cc1cccc(N)c1,Cc1ccc(CC(=O)O)cc1
acylation,C#Cc1cccc(NC(=O)c2ccc3nc(C)ccc3c2)c1,C#Cc1cccc(N)c1,Cc1ccc2cc(C(=O)O)ccc2n1
acylation,C#Cc1cccc(NC(=O)c2cc(OC)c(OC)c(OC)c2)c1,C#Cc1cccc(N)c1,COc1cc(C(=O)O)cc(OC)c1OC
acylation,COc1cc(C(=O)Nc2cc(-n3cnc(C)c3)cc(C(F)(F)F)c2)cc(OC)c1OC,Cc1cn(-c2cc(N)cc(C(F)(F)F)c2)cn1,COc1cc(C(=O)O)cc(OC)c1OC
acylation,COC(=O)c1ccc(NC(=O)c2ccc(Br)s2)cc1,COC(=O)c1ccc(N)cc1,O=C(O)c1ccc(Br)s1
acylation,COC(=O)c1ccc(NC(=O)c2ccc(C)c3ccccc23)cc1,COC(=O)c1ccc(N)cc1,Cc1ccc(C(=O)O)c2ccccc12
acylation,COC(=O)c1ccc(NC(=O)c2ccc3c(c2)OC(F)(F)O3)cc1,COC(=O)c1ccc(N)cc1,O=C(O)c1ccc2c(c1)OC(F)(F)O2
acylation,COC(=O)c1ccc(NC(=O)C(C)NC(=O)OCc2ccccc2)cc1,COC(=O)c1ccc(N)cc1,CC(NC(=O)OCc1ccccc1)C(=O)O
acylation,Cn1c(NC(=O)C2c3ccccc3Oc3ccccc32)nc2ccccc21,Cn1c(N)nc2ccccc21,O=C(O)C1c2ccccc2Oc2ccccc21
acylation,Cn1c(NC(=O)c2cc(C(C)(C)C)cc(C(C)(C)C)c2)nc2ccccc21,Cn1c(N)nc2ccccc21,CC(C)(C)c1cc(C(=O)O)cc(C(C)(C)C)c1
acylation,O=C(COc1ccccc1)Nc1cc(C(F)(F)F)ccc1C(F)(F)F,Nc1cc(C(F)(F)F)ccc1C(F)(F)F,O=C(O)COc1ccccc1
acylation,O=C(Nc1cc(C(F)(F)F)ccc1C(F)(F)F)c1ccc(C(F)(F)F)cn1,Nc1cc(C(F)(F)F)ccc1C(F)(F)F,O=C(O)c1ccc(C(F)(F)F)cn1
acylation,COc1ncc(Br)cc1C(=O)Nc1cc(C(F)(F)F)ccc1C(F)(F)F,Nc1cc(C(F)(F)F)ccc1C(F)(F)F,COc1ncc(Br)cc1C(=O)O
acylation,COc1ccc(CC(=O)Nc2ccc(Cl)cc2)cc1,Nc1ccc(Cl)cc1,COc1ccc(CC(=O)O)cc1
acylation,O=C(Nc1ccc(Cl)cc1)c1ccc(C(F)(F)F)cn1,Nc1ccc(Cl)cc1,O=C(O)c1ccc(C(F)(F)F)cn1
acylation,COc1cc(C(=O)Nc2ccc(Cl)cc2)cc(OC)c1OC,Nc1ccc(Cl)cc1,COc1cc(C(=O)O)cc(OC)c1OC
acylation,O=C(Cc1ccc2c(c1)OCO2)Nc1ccc(Cl)cc1,Nc1ccc(Cl)cc1,O=C(O)Cc1ccc2c(c1)OCO2
acylation,Cc1ccc(CC(=O)Nc2cc([N+](=O)[O-])ccc2C)cc1,Cc1ccc([N+](=O)[O-])cc1N,Cc1ccc(CC(=O)O)cc1
acylation,COc1ccc(CC(=O)Nc2cc([N+](=O)[O-])ccc2C)cc1,Cc1ccc([N+](=O)[O-])cc1N,COc1ccc(CC(=O)O)cc1
acylation,Cc1cc(C(=O)Nc2cc([N+](=O)[O-])ccc2C)cc(Cl)n1,Cc1ccc([N+](=O)[O-])cc1N,Cc1cc(C(=O)O)cc(Cl)n1
acylation,Cc1ccc([N+](=O)[O-])cc1NC(=O)c1ccco1,Cc1ccc([N+](=O)[O-])cc1N,O=C(O)c1ccco1
acylation,Cc1ccc([N+](=O)[O-])cc1NC(=O)c1ccc2c(c1)OC(F)(F)O2,Cc1ccc([N+](=O)[O-])cc1N,O=C(O)c1ccc2c(c1)OC(F)(F)O2
acylation,Cc1ccc([N+](=O)[O-])cc1NC(=O)C(C)c1ccc(-c2ccccc2)c(F)c1,Cc1ccc([N+](=O)[O-])cc1N,CC(C(=O)O)c1ccc(-c2ccccc2)c(F)c1
acylation,Cc1ccc([N+](=O)[O-])cc1NC(=O)c1cc(C(C)(C)C)cc(C(C)(C)C)c1,Cc1ccc([N+](=O)[O-])cc1N,CC(C)(C)c1cc(C(=O)O)cc(C(C)(C)C)c1
acylation,Cc1ccc([N+](=O)[O-])cc1NC(=O)c1ccc(C)c2ccccc12,Cc1ccc([N+](=O)[O-])cc1N,Cc1ccc(C(=O)O)c2ccccc12
acylation,Cc1ccc([N+](=O)[O-])cc1NC(=O)c1cnc(Cl)nc1,Cc1ccc([N+](=O)[O-])cc1N,O=C(O)c1cnc(Cl)nc1
acylation,O=C(Nc1ccc2nccnc2c1)c1ccnc(C(F)(F)F)c1,Nc1ccc2nccnc2c1,O=C(O)c1ccnc(C(F)(F)F)c1
acylation,COc1ccc(NC(=O)Cc2ccc(C)cc2)cc1C,COc1ccc(N)cc1C,Cc1ccc(CC(=O)O)cc1
acylation,COc1ccc(NC(=O)c2cnccn2)cc1C,COc1ccc(N)cc1C,O=C(O)c1cnccn1
acylation,COc1ccc(NC(=O)c2cc(Br)cnc2OC)cc1C,COc1ccc(N)cc1C,COc1ncc(Br)cc1C(=O)O
acylation,COc1ccc(NC(=O)c2cc3ccccc3s2)cc1C,COc1ccc(N)cc1C,O=C(O)c1cc2ccccc2s1
acylation,COc1ccc(NC(=O)c2ccnc(C(F)(F)F)c2)cc1C,COc1ccc(N)cc1C,O=C(O)c1ccnc(C(F)(F)F)c1
acylation,COc1ccc(NC(=O)c2ccc(C)c3ccccc23)cc1C,COc1ccc(N)cc1C,Cc1ccc(C(=O)O)c2ccccc12
acylation,CCOC(=O)c1cccc(NC(=O)c2ccc(C)c3ccccc23)c1,CCOC(=O)c1cccc(N)c1,Cc1ccc(C(=O)O)c2ccccc12
acylation,COc1ccc(NC(=O)c2ccc(C(F)(F)F)cn2)cc1,COc1ccc(N)cc1,O=C(O)c1ccc(C(F)(F)F)cn1
acylation,COc1ccc(NC(=O)c2cc3ccccc3s2)cc1,COc1ccc(N)cc1,O=C(O)c1cc2ccccc2s1
acylation,COc1ccc(NC(=O)c2c(C)cccc2C)cc1,COc1ccc(N)cc1,Cc1cccc(C)c1C(=O)O
acylation,COc1ccc(NC(=O)c2ccc([N+](=O)[O-])s2)cc1,COc1ccc(N)cc1,O=C(O)c1ccc([N+](=O)[O-])s1
acylation,Cc1ccc2cccc(NC(=O)COc3ccccc3)c2n1,Cc1ccc2cccc(N)c2n1,O=C(O)COc1ccccc1
acylation,Cc1ccc2cccc(NC(=O)c3c(C)cccc3C)c2n1,Cc1ccc2cccc(N)c2n1,Cc1cccc(C)c1C(=O)O
acylation,Cc1cc(C)c(C(=O)Nc2cccc3ccc(C)nc23)c(C)c1,Cc1ccc2cccc(N)c2n1,Cc1cc(C)c(C(=O)O)c(C)c1
acylation,COc1cc(C(=O)Nc2cccc3ccc(C)nc23)cc(OC)c1OC,Cc1ccc2cccc(N)c2n1,COc1cc(C(=O)O)cc(OC)c1OC
acylation,Cc1ccc2cccc(NC(=O)c3ccc(C(F)(F)F)cn3)c2n1,Cc1ccc2cccc(N)c2n1,O=C(O)c1ccc(C(F)(F)F)cn1
acylation,COc1ccc2cc(C(C)C(=O)Nc3cccc4ccc(C)nc34)ccc2c1,Cc1ccc2cccc(N)c2n1,COc1ccc2cc(C(C)C(=O)O)ccc2c1
acylation,Cc1ccc2cccc(NC(=O)C(C)c3ccc(-c4ccccc4)c(F)c3)c2n1,Cc1ccc2cccc(N)c2n1,CC(C(=O)O)c1ccc(-c2ccccc2)c(F)c1
acylation,Cc1ccc2cccc(NC(=O)Cc3ccc4c(c3)C(=O)c3ccccc3CO4)c2n1,Cc1ccc2cccc(N)c2n1,O=C(O)Cc1ccc2c(c1)C(=O)c1ccccc1CO2
acylation,Cc1ccc2cccc(NC(=O)c3ccc(C#N)cc3)c2n1,Cc1ccc2cccc(N)c2n1,N#Cc1ccc(C(=O)O)cc1
acylation,Cc1cc(C)c(C(=O)NCc2ccc(F)cc2)c(C)c1,NCc1ccc(F)cc1,Cc1cc(C)c(C(=O)O)c(C)c1
acylation,COc1ccc2cc(C(C)C(=O)NCc3ccc(F)cc3)ccc2c1,NCc1ccc(F)cc1,COc1ccc2cc(C(C)C(=O)O)ccc2c1
acylation,O=C(Cc1ccc2c(c1)C(=O)c1ccccc1CO2)NCc1ccc(F)cc1,NCc1ccc(F)cc1,O=C(O)Cc1ccc2c(c1)C(=O)c1ccccc1CO2
acylation,Cc1cc(C)cc(C(=O)NCc2ccc(F)cc2)c1,NCc1ccc(F)cc1,Cc1cc(C)cc(C(=O)O)c1
acylation,CC(C(=O)NCc1ccc(F)cc1)c1ccc(-c2ccccc2)c(F)c1,NCc1ccc(F)cc1,CC(C(=O)O)c1ccc(-c2ccccc2)c(F)c1
acylation,Cc1ccc2cccc(NC(=O)Cc3ccc(C(F)(F)F)cc3)c2n1,Cc1ccc2cccc(N)c2n1,O=C(O)Cc1ccc(C(F)(F)F)cc1
acylation,Cc1ccc(CC(=O)NC(c2ccccc2)(c2ccccc2)c2ccccc2)cc1,NC(c1ccccc1)(c1ccccc1)c1ccccc1,Cc1ccc(CC(=O)O)cc1
B-H,COC(=O)c1ccccc1Nc1ccc2nccnc2c1,NC1=CC=C2N=CC=NC2=C1,O=C(OC)C1=CC=CC=C1Br
B-H,Cc1ccc(Nc2cncc3ccccc23)cc1,NC1=CC=C(C)C=C1,BrC1=CN=CC2=C1C=CC=C2
B-H,COC(=O)c1ccccc1Nc1ccc(OC)nc1,NC1=CC=C(OC)N=C1,O=C(OC)C1=CC=CC=C1Br
B-H,Cc1ccccc1Nc1ccc2nccnc2c1,NC1=CC=C2N=CC=NC2=C1,CC1=CC=CC=C1Br
B-H,CC1=CC(C)=NC(NC2=CC=C(C=N2)OC)=N1,NC1=NC(C)=CC(C)=N1,COc1cnc(Br)cc1
B-H,CC1=CC(C)=CC(NC(C=C2)=NC=C2C)=N1,CC1=CC(C)=CC(N)=N1,CC1=CN=C(Br)C=C1
B-H,COC(C(C)=C1)=CC=C1NC2=CN=C(SC)N=C2C(OC)=O,NC1=CC=C(OC)C(C)=C1,O=C(C1=NC(SC)=NC=C1Br)OC
B-H,O=CC(S1)=CN=C1NC2=CN=CC3=C2C=CC=C3,NC1=NC=C(C=O)S1,BrC1=CN=CC2=C1C=CC=C2
B-H,COC1=CC=C(C=C1OC)NC2=CC=CC=C2C,COC1=CC=C(N)C=C1OC,CC1=CC=CC=C1Br
B-H,Cc1ccccc1Nc1ccc(cn1)[N+]([O-])=O,NC1=NC=C([N+]([O-])=O)C=C1,CC1=CC=CC=C1Br
B-H,COc1ccc(Nc2ccccc2C)cc1,NC1=CC=C(OC)C=C1,CC1=CC=CC=C1Br
B-H,Cc1ccc(Nc2ccc(C)c(I)c2)c(C)c1,NC1=NC(C)=CC(C)=N1,CC1=CC=CC=C1Br
B-H,CCOC(=O)c1cccc(Nc2ccccc2C)c1,O=C(OCC)C1=CC=CC(N)=C1,CC1=CC=CC=C1Br
B-H,Cc1cc(C)nc(Nc2ccccc2C)c1,CC1=CC(C)=CC(N)=N1,CC1=CC=CC=C1Br
B-H,COc1ccc(OC)c(Nc2ccccc2C)c1,NC1=CC(OC)=CC=C1OC,CC1=CC=CC=C1Br
B-H,COc1ccc(Nc2ccccc2C)cc1C,NC1=CC=C(OC)C(C)=C1,CC1=CC=CC=C1Br
B-H,Cc1ccccc1Nc1ccc2ncccc2c1,NC1=CC=C2N=CC=CC2=C1,CC1=CC=CC=C1Br
B-H,Cc1ccccc1Nc1ccc2CCC(=O)c2c1,NC1=CC=CC=C1C,O=C1CCC2=C1C=C(Br)C=C2
B-H,CC(=O)c1cccc(Nc2ccc3CCC(=O)c3c2)c1,NC1=CC(C(C)=O)=CC=C1,O=C1CCC2=C1C=C(Br)C=C2
B-H,Cc1cc(C)nc(Nc2cc(F)ccn2)n1,NC1=NC(C)=CC(C)=N1,FC1=CC(Br)=NC=C1
B-H,Cc1cc(C)nc(Nc2cc(F)ccn2)c1,CC1=CC(C)=CC(N)=N1,FC1=CC(Br)=NC=C1
B-H,COc1ccc(OC)c(Nc2cc(F)ccn2)c1,NC1=CC(OC)=CC=C1OC,FC1=CC(Br)=NC=C1
B-H,Cc1ccc(Nc2ccc3ncccc3c2)c(C)c1,NC1=CC=C2N=CC=CC2=C1,CC1=CC=C(Br)C(C)=C1
B-H,Cc1ccc(Nc2ccnc(c2)C(F)(F)F)c(C)c1,NC1=CC(C(F)(F)F)=NC=C1,CC1=CC=C(Br)C(C)=C1
B-H,Cc1ccc(Nc2cncnc2C)c(C)c1,NC1=CN=CN=C1C,CC1=CC=C(Br)C(C)=C1
B-H,CC(C)S(=O)(=O)c1ccccc1Nc1ccc(C)cc1C,O=S(C1=CC=CC=C1N)(C(C)C)=O,CC1=CC=C(Br)C(C)=C1
B-H,Cc1ccc(NCC2CC2)c(C)c1,NCC1CC1,CC1=CC=C(Br)C(C)=C1
B-H,Cc1ccccc1Nc1ccc2OCCOc2c1,NC1=CC=CC=C1C,BrC1=CC=C(OCCO2)C2=C1
B-H,COC1=CC=C(C=C1OC)NC2=CC=C3OCCOC3=C2,COC1=CC=C(N)C=C1OC,BrC1=CC=C(OCCO2)C2=C1
B-H,C1COc2cc(Nc3ccc4nccnc4c3)ccc2O1,NC1=CC=C2N=CC=NC2=C1,BrC1=CC=C(OCCO2)C2=C1
B-H,Cc1cc(C)nc(Nc2ccc3OCCOc3c2)n1,NC1=NC(C)=CC(C)=N1,BrC1=CC=C(OCCO2)C2=C1
B-H,Cc1ccc(Nc2ccc3OCCOc3c2)cc1I,NC1=CC=C(C)C(I)=C1,BrC1=CC=C(OCCO2)C2=C1
B-H,Cc1ccc(Nc2ccc3OCCOc3c2)nc1,NC1=NC=C(C)C=C1,BrC1=CC=C(OCCO2)C2=C1
B-H,COc1ccc(OC)c(Nc2ccc3OCCOc3c2)c1,NC1=CC(OC)=CC=C1OC,BrC1=CC=C(OCCO2)C2=C1
B-H,COc1ccc(Nc2ccc3OCCOc3c2)cc1C,NC1=CC=C(OC)C(C)=C1,BrC1=CC=C(OCCO2)C2=C1
B-H,Cc1cc(C)nc(Nc2cnc3ccnn3c2)n1,NC1=NC(C)=CC(C)=N1,BrC1=CN2C(N=C1)=CC=N2
B-H,COC(=O)c1ccc(Nc2ccc3-c4ccccc4C(C)(C)c3c2)cc1,O=C(OC)C1=CC=C(N)C=C1,CC1(C)C2=C(C3=C1C=CC=C3)C=CC(Br)=C2
B-H,COc1ccc(Nc2ccc3-c4ccccc4C(C)(C)c3c2)cc1,NC1=CC=C(OC)C=C1,CC1(C)C2=C(C3=C1C=CC=C3)C=CC(Br)=C2
B-H,CC1(C)c2ccccc2-c2ccc(Nc3ccccc3C=O)cc12,O=CC1=CC=CC=C1N,CC1(C)C2=C(C3=C1C=CC=C3)C=CC(Br)=C2
B-H,Cc1ccc(Nc2ccc3-c4ccccc4C(C)(C)c3c2)cc1I,NC1=CC=C(C)C(I)=C1,CC1(C)C2=C(C3=C1C=CC=C3)C=CC(Br)=C2
B-H,Cc1ccc(Nc2ccc3-c4ccccc4C(C)(C)c3c2)nc1,NC1=NC=C(C)C=C1,CC1(C)C2=C(C3=C1C=CC=C3)C=CC(Br)=C2
B-H,COc1ccc(C(O)=O)c(Nc2ccc3-c4ccccc4C(C)(C)c3c2)c1,O=C(O)C1=CC=C(OC)C=C1N,CC1(C)C2=C(C3=C1C=CC=C3)C=CC(Br)=C2
B-H,Cc1ncncc1Nc1ccc2-c3ccccc3C(C)(C)c2c1,NC1=CN=CN=C1C,CC1(C)C2=C(C3=C1C=CC=C3)C=CC(Br)=C2
B-H,CC(C)Nc1ccc2-c3ccccc3C(C)(C)c2c1,NC(C)C,CC1(C)C2=C(C3=C1C=CC=C3)C=CC(Br)=C2
B-H,COC(=O)c1ccccc1Nc1ccc(C)cc1C,NC1=CC=C(C)C=C1C,O=C(OC)C1=CC=CC=C1Br
B-H,COC1=CC=C(C=C1OC)NC2=CC=CC=C2C(OC)=O,COC1=CC=C(N)C=C1OC,O=C(OC)C1=CC=CC=C1Br
B-H,COC(=O)c1ccccc1Nc1ccc(F)cc1C(=O)OC,O=C(OC)C1=CC(F)=CC=C1N,O=C(OC)C1=CC=CC=C1Br
B-H,COC(=O)c1ccccc1Nc1ccc(cn1)[N+]([O-])=O,NC1=NC=C([N+]([O-])=O)C=C1,O=C(OC)C1=CC=CC=C1Br
B-H,COC(=O)c1ccccc1Nc1ccc(OC)cc1,NC1=CC=C(OC)C=C1,O=C(OC)C1=CC=CC=C1Br
B-H,COC(=O)c1ccccc1Nc1nc(C)cc(C)n1,NC1=NC(C)=CC(C)=N1,O=C(OC)C1=CC=CC=C1Br
B-H,COC(=O)c1ccccc1Nc1ccc(OC)c(C)c1,NC1=CC=C(OC)C(C)=C1,O=C(OC)C1=CC=CC=C1Br
B-H,COC(=O)c1ccccc1Nc1ccc2ncccc2c1,NC1=CC=C2N=CC=CC2=C1,O=C(OC)C1=CC=CC=C1Br
B-H,COC(=O)c1ccccc1NC1CC1,NC1CC1,O=C(OC)C1=CC=CC=C1Br
B-H,COC(=O)c1ccccc1Nc1cccc(c1)C(C)=O,NC1=CC(C(C)=O)=CC=C1,O=C(OC)C1=CC=CC=C1Br
B-H,OCc1ccccc1Nc1ccc2cnccc2c1,OCC1=CC=CC=C1N,BrC1=CC2=C(C=NC=C2)C=C1
B-H,Cc1ccc(cc1Nc1ccc2cnccc2c1)[N+]([O-])=O,NC1=CC([N+]([O-])=O)=CC=C1C,BrC1=CC2=C(C=NC=C2)C=C1
B-H,O=Cc1ccccc1Nc1ccc2cnccc2c1,O=CC1=CC=CC=C1N,BrC1=CC2=C(C=NC=C2)C=C1
B-H,Cc1cc(C)nc(Nc2ccc3cnccc3c2)n1,NC1=NC(C)=CC(C)=N1,BrC1=CC2=C(C=NC=C2)C=C1
B-H,Cc1cc(C)nc(Nc2ccc3cnccc3c2)c1,CC1=CC(C)=CC(N)=N1,BrC1=CC2=C(C=NC=C2)C=C1
B-H,Cc1cc(F)ccc1NCc1ccccc1F,NCC1=CC=CC=C1F,CC1=CC(F)=CC=C1Br
B-H,COc1ccc(C(O)=O)c(Nc2ccc(F)cc2C)c1,O=C(O)C1=CC=C(OC)C=C1N,CC1=CC(F)=CC=C1Br
B-H,Cc1cc(F)ccc1Nc1cccn2ccnc12,NC1=CC=CN2C1=NC=C2,CC1=CC(F)=CC=C1Br
B-H,Cc1cc(C)nc(Nc2ccc(F)cc2C)c1,CC1=CC(C)=CC(N)=N1,CC1=CC(F)=CC=C1Br
B-H,Cc1cc(F)ccc1Nc1ccnc(c1)C(F)(F)F,NC1=CC(C(F)(F)F)=NC=C1,CC1=CC(F)=CC=C1Br
B-H,COC1=CC=C(C=C1OC)NC2=CN=CC(C(C)=O)=C2,COC1=CC=C(N)C=C1OC,CC(C1=CC(Br)=CN=C1)=O
B-H,CC(=O)c1cncc(Nc2nc(C)cc(C)n2)c1,NC1=NC(C)=CC(C)=N1,CC(C1=CC(Br)=CN=C1)=O
B-H,CC(=O)c1cncc(Nc2ccc(C)c(I)c2)c1,NC1=CC=C(C)C(I)=C1,CC(C1=CC(Br)=CN=C1)=O
B-H,Cc1ccccc1Nc1ccccc1C(=O)c1ccccc1,NC1=CC=CC=C1C,O=C(C1=CC=CC=C1Br)C2=CC=CC=C2
B-H,COC(=O)c1ccc(Nc2ccccc2C(=O)c2ccccc2)cc1,O=C(OC)C1=CC=C(N)C=C1,O=C(C1=CC=CC=C1Br)C2=CC=CC=C2
B-H,COC1=CC=C(C=C1OC)NC2=CC=CC=C2C(C3=CC=CC=C3)=O,COC1=CC=C(N)C=C1OC,O=C(C1=CC=CC=C1Br)C2=CC=CC=C2
B-H,COc1ccc(Nc2ccccc2C(=O)c2ccccc2)cc1,NC1=CC=C(OC)C=C1,O=C(C1=CC=CC=C1Br)C2=CC=CC=C2
B-H,O=Cc1ccccc1Nc1ccccc1C(=O)c1ccccc1,O=CC1=CC=CC=C1N,O=C(C1=CC=CC=C1Br)C2=CC=CC=C2
B-H,Cc1cc(C)nc(Nc2ccccc2C(=O)c2ccccc2)n1,NC1=NC(C)=CC(C)=N1,O=C(C1=CC=CC=C1Br)C2=CC=CC=C2
B-H,Cc1ccc(Nc2ccccc2C(=O)c2ccccc2)nc1,NC1=NC=C(C)C=C1,O=C(C1=CC=CC=C1Br)C2=CC=CC=C2
B-H,COc1ccc(Nc2ccccc2C(=O)c2ccccc2)cc1C,NC1=CC=C(OC)C(C)=C1,O=C(C1=CC=CC=C1Br)C2=CC=CC=C2
B-H,COC(=O)c1ccc(Nc2ccccc2C(=O)c2ccccc2)cc1F,O=C(OC)C1=CC=C(N)C=C1F,O=C(C1=CC=CC=C1Br)C2=CC=CC=C2
B-H,O=C(c1ccccc1)c1ccccc1NC1CC1,NC1CC1,O=C(C1=CC=CC=C1Br)C2=CC=CC=C2
B-H,[O-][N+](C(C=C1)=CN=C1NC2=CC=CC=C2C(C3=CC=CC=C3)=O)=O,NC1=NC=C([N+]([O-])=O)C=C1,O=C(C1=CC=CC=C1Br)C2=CC=CC=C2
B-H,CC(C)c1ccc(Nc2ccc(cn2)[N+]([O-])=O)cc1,NC1=NC=C([N+]([O-])=O)C=C1,CC(C1=CC=C(Br)C=C1)C
B-H,CC(C)c1ccc(Nc2nc(C)cc(C)n2)cc1,NC1=NC(C)=CC(C)=N1,CC(C1=CC=C(Br)C=C1)C
B-H,CC(C)c1ccc(Nc2cncnc2C)cc1,NC1=CN=CN=C1C,CC(C1=CC=C(Br)C=C1)C
B-H,CC(C)c1ccc(Nc2ccccc2S(=O)(=O)C(C)C)cc1,O=S(C1=CC=CC=C1N)(C(C)C)=O,CC(C1=CC=C(Br)C=C1)C
B-H,CC(C)CNc1ccc(cc1)C(C)C,NCC(C)C,CC(C1=CC=C(Br)C=C1)C
B-H,CC(C)Nc1ccc(cc1)C(C)C,NC(C)C,CC(C1=CC=C(Br)C=C1)C
B-H,CC(C)c1ccc(NC2CCCCC2)cc1,NC1CCCCC1,CC(C1=CC=C(Br)C=C1)C
B-H,COC(=O)c1cc(F)ccc1Nc1ccc(F)cc1C,O=C(OC)C1=CC(F)=CC=C1N,CC1=CC(F)=CC=C1Br
B-H,COc1ccc(Nc2ccc(F)cc2C)cn1,NC1=CC=C(OC)N=C1,CC1=CC(F)=CC=C1Br
B-H,Cc1cc(F)ccc1Nc1ccc(cn1)[N+]([O-])=O,NC1=NC=C([N+]([O-])=O)C=C1,CC1=CC(F)=CC=C1Br
B-H,Cc1cc(F)ccc1Nc1ccc2nccnc2c1,NC1=CC=C2N=CC=NC2=C1,CC1=CC(F)=CC=C1Br
B-H,Cc1ccc(Nc2ccc(F)cc2C)nc1,NC1=NC=C(C)C=C1,CC1=CC(F)=CC=C1Br
B-H,COC(=O)c1ccc(Nc2ccc3nccnc3c2)nc1,NC1=CC=C2N=CC=NC2=C1,O=C(OC)C1=CN=C(Br)C=C1
B-H,COC(=O)c1ccc(Nc2cncnc2C)nc1,NC1=CN=CN=C1C,O=C(OC)C1=CN=C(Br)C=C1
B-H,Cc1ccc(Nc2ccnc(C)c2)nc1,NC1=NC=C(C)C=C1,CC1=NC=CC(Br)=C1
B-H,CC(C)S(=O)(=O)c1ccccc1Nc1cncc2ccccc12,O=S(C1=CC=CC=C1N)(C(C)C)=O,BrC1=CN=CC2=C1C=CC=C2
B-H,C1CCC(CC1)Nc1cncc2ccccc12,NC1CCCCC1,BrC1=CN=CC2=C1C=CC=C2
B-H,[O-][N+](C(C=C1NC2=CN=CC3=C2C=CC=C3)=C(C=C1OC)F)=O,NC1=CC([N+]([O-])=O)=C(F)C=C1OC,BrC1=CN=CC2=C1C=CC=C2
B-H,CN(C)c1cccc(Nc2ccccc2CO)c1,OCC1=CC=CC=C1N,CN(C)C1=CC=CC(Br)=C1
B-H,CN(C)c1cccc(Nc2ccc(cn2)[N+]([O-])=O)c1,NC1=NC=C([N+]([O-])=O)C=C1,CN(C)C1=CC=CC(Br)=C1
B-H,CN(C)c1cccc(Nc2ccc(CO)cc2)c1,NC1=CC=C(C=C1)CO,CN(C)C1=CC=CC(Br)=C1
B-H,CN(C)c1cccc(Nc2ccc3ncccc3c2)c1,NC1=CC=C2N=CC=CC2=C1,CN(C)C1=CC=CC(Br)=C1
B-H,CN(C)c1cccc(Nc2ccncc2)c1,NC1=CC=NC=C1,CN(C)C1=CC=CC(Br)=C1
B-H,CN(C)c1cccc(Nc2cccc(F)n2)c1,NC1=NC(F)=CC=C1,CN(C)C1=CC=CC(Br)=C1
B-H,CC(C)CNc1cccc(c1)N(C)C,NCC(C)C,CN(C)C1=CC=CC(Br)=C1
B-H,CC(C)Oc1ncccc1Nc1ccc(C)cc1,NC1=CC=C(C)C=C1,CC(OC1=NC=CC=C1Br)C
B-H,COC(=O)c1cc(F)ccc1Nc1cccnc1OC(C)C,O=C(OC)C1=CC(F)=CC=C1N,CC(OC1=NC=CC=C1Br)C
B-H,[O-][N+](C(C=C1)=CN=C1NC2=CC=CN=C2OC(C)C)=O,NC1=NC=C([N+]([O-])=O)C=C1,CC(OC1=NC=CC=C1Br)C
B-H,COc1cc(F)c(cc1Nc1cccnc1OC(C)C)[N+]([O-])=O,NC1=CC([N+]([O-])=O)=C(F)C=C1OC,CC(OC1=NC=CC=C1Br)C
B-H,CCc1ccc(NCc2cccc3ccccc23)cc1,NC1=CC=C(CC)C=C1,BrCC1=C2C=CC=CC2=CC=C1
B-H,Cc1ccc(Nc2ccc(F)cc2C)cc1I,NC1=CC=C(C)C(I)=C1,CC1=CC(F)=CC=C1Br
B-H,Cc1ccc(Nc2ccccc2C(=O)c2ccccc2)cc1I,NC1=CC=C(C)C(I)=C1,O=C(C1=CC=CC=C1Br)C2=CC=CC=C2
B-H,CC1=CN=C(N(C2=CC=CC=C2)C(C)C)N=C1,CC(NC1=CC=CC=C1)C,CC1=CN=C(N=C1)Cl
B-H,CC1=CC(N2C=CC3=C2C=CC(C#N)=C3)=NC=C1,N#CC1=CC=C2NC=CC2=C1,CC1=CC(Cl)=NC=C1
B-H,COC1=CN=C(N2C=NC3=C2C=CC=C3)N=C1,C12=CC=CC=C1NC=N2,COC1=CN=C(N=C1)Cl
B-H,CCC(=O)C1=CC=C(N(CC)C2=CC=CC(C)=C2)C=C1,CC1=CC(NCC)=CC=C1,CCC(C1=CC=C(C=C1)Cl)=O
B-H,CC(=O)C1=CC=C(N(C2=CC=CC=C2)C2=CC3=C(C=C2)C2=C(C=CC=C2)C3(C)C)S1,CC1(C)C2=C(C3=C1C=CC=C3)C=CC(NC4=CC=CC=C4)=C2,ClC1=CC=C(S1)C(C)=O
B-H,CC(=O)C1=CC=C(N(C2=CC=C(C)C=C2)C2=CC=C(C)C=C2)S1,CC1=CC=C(NC2=CC=C(C)C=C2)C=C1,ClC1=CC=C(S1)C(C)=O
B-H,COC(=O)c1ccc(Nc2cc(C)ccc2C)cc1OC,O=C(OC)C1=CC=C(N)C=C1OC,CC1=CC=C(C(Cl)=C1)C
B-H,COc1ccc(Nc2cc(C)ccc2C)cc1,NC1=CC=C(OC)C=C1,CC1=CC=C(C(Cl)=C1)C
B-H,CC1=CC(C)=C(NC2=C(C(O)=O)C=CN=C2)C=C1,NC1=CC=C(C)C=C1C,O=C(C1=CC=NC=C1Cl)O
B-H,OC(C1=CC=NC=C1N(C2=CC=CC=C2)C3=CC=CC=C3)=O,C1(NC2=CC=CC=C2)=CC=CC=C1,O=C(C1=CC=NC=C1Cl)O
B-H,OC(C1=CC=NC=C1NCC23CC4CC(C3)CC(C2)C4)=O,NCC12CC3CC(C2)CC(C3)C1,O=C(C1=CC=NC=C1Cl)O
B-H,Cc1ccc(C)c(NCc2ccccc2F)c1,NCC1=CC=CC=C1F,CC1=CC=C(C(Cl)=C1)C
B-H,COc1cc(F)c(cc1Nc1cc(C)ccc1C)[N+]([O-])=O,NC1=CC([N+]([O-])=O)=C(F)C=C1OC,CC1=CC=C(C(Cl)=C1)C
B-H,CC1=CC(C)=NC(NC2=NC=C(C(F)(F)F)C=N2)=C1,CC1=CC(C)=CC(N)=N1,FC(F)(F)C1=CN=C(N=C1)Cl
B-H,CC1=C(OC)C=CC(NC2=NC=C(C=N2)C(F)(F)F)=C1,NC1=CC=C(OC)C(C)=C1,FC(F)(F)C1=CN=C(N=C1)Cl
B-H,CC1=NC=CN1C2=CC=C(NC3=NC=C(C(F)(F)F)C=N3)C=C2,NC1=CC=C(N2C=CN=C2C)C=C1,FC(F)(F)C1=CN=C(N=C1)Cl
B-H,COC(C1=C(F)C=C(NC2=NC=C(C(F)(F)F)C=N2)C=C1)=O,O=C(OC)C1=CC=C(N)C=C1F,FC(F)(F)C1=CN=C(N=C1)Cl
B-H,CC1=NC=CN1C2=CC=C(NC3=C([N+]([O-])=O)C=CC=C3[N+]([O-])=O)C=C2,NC1=CC=C(N2C=CN=C2C)C=C1,O=[N+]([O-])C1=C(C([N+]([O-])=O)=CC=C1)Cl
B-H,CC(C1=CC(C)=C(NC2=CC3=NC=CN=C3C=C2)C=C1)=O,NC1=CC=C2N=CC=NC2=C1,CC(C1=CC=C(C(C)=C1)Cl)=O
B-H,CCOC(=O)c1cccc(Nc2ccc(cc2C)C(C)=O)c1,O=C(OCC)C1=CC=CC(N)=C1,CC(C1=CC=C(C(C)=C1)Cl)=O
B-H,CC(C1=CC(C)=C(NC2=NC(C)=CC(C)=C2)C=C1)=O,CC1=CC(C)=CC(N)=N1,CC(C1=CC=C(C(C)=C1)Cl)=O
B-H,CC(C=C1)=CC=C1NC(C(C)=C2)=CC=C2C(C)=O,NC1=CC=C(C)C=C1,CC(C1=CC=C(C(C)=C1)Cl)=O
B-H,CC(C)CNc1ccc(cc1C)C(C)=O,NCC(C)C,CC(C1=CC=C(C(C)=C1)Cl)=O
B-H,CC1=NC(NC2=NC=CC(C(F)(F)F)=C2)=NC(C)=C1,NC1=NC(C)=CC(C)=N1,FC(F)(F)C1=CC(Cl)=NC=C1
B-H,CC1=C(NC2=NC3=CC=CC=C3C=C2)C=C(I)C=C1,NC1=CC(I)=CC=C1C,ClC1=NC2=CC=CC=C2C=C1
B-H,COC1=CC(NC2=NC3=CC=CC=C3C=C2)=C(OC)C=C1,NC1=CC(OC)=CC=C1OC,ClC1=NC2=CC=CC=C2C=C1
B-H,N#CC1=CC=C(C=C1)NC2=CNN=C2C,N#CC1=CC=C(N)C=C1,CC1=NNC=C1Br
B-H,FC1=CC(NC2=CC(C(OC)=O)=CC=N2)=CC=C1,NC1=CC=CC(F)=C1,O=C(OC)C1=CC=NC(Br)=C1
B-H,CC1=CC(C)=CC(NC2=CC=CC=C2)=N1,CC1=CC(C)=CC(N)=N1,BrC1=CC=CC=C1
B-H,C1(NC2=CN=C3NC=CC3=N2)=CC=C4N=CC=NC4=C1,NC1=CC=C2N=CC=NC2=C1,BrC1=CN=C2NC=CC2=N1
B-H,FC1=NC=C(NC(C=C2)=CC3=C2NN=C3C)C=C1,FC1=NC=C(C=C1)N,CC1=NNC2=C1C=C(Br)C=C2
B-H,O=C(C1=CC=C(C=C1)NC(C=C2)=CC(OC)=C2C=O)OC,O=C(OC)C1=CC=C(N)C=C1,O=CC1=C(C=C(C=C1)Br)OC
B-H,CC1(C)c2ccccc2-c2ccc(Nc3ccc4nccnc4c3)cc12,NC1=CC=C2N=CC=NC2=C1,CC1(C)C2=C(C3=C1C=CC=C3)C=CC(Br)=C2
B-H,CC1=CC(NC(C=CC2=C3)=CC2=NN3C)=NO1,NC1=NOC(C)=C1,CN1N=C2C=C(Br)C=CC2=C1
B-H,CC(C=CC1=CC=C2)=NC1=C2NC3=CC4=C(C=C3)C=NC=C4,NC1=C2N=C(C=CC2=CC=C1)C,BrC1=CC2=C(C=NC=C2)C=C1
B-H,ClC(C=C1)=CN=C1NC2=C3OC=CC3=CC=C2,NC1=NC=C(C=C1)Cl,BrC1=C(OC=C2)C2=CC=C1
B-H,O=C(c1ccccc1)c1ccccc1Nc1ccc2nccnc2c1,NC1=CC=C2N=CC=NC2=C1,O=C(C1=CC=CC=C1Br)C2=CC=CC=C2
B-H,COC(C=C1)=CC=C1NC(C=C2)=NC=C2C,NC1=CC=C(OC)C=C1,CC1=CN=C(Br)C=C1
B-H,C1(NC2=CN3C(C=C2)=NC=N3)=CC=C4N=CC=NC4=C1,NC1=CC=C2N=CC=NC2=C1,BrC1=CN2C(C=C1)=NC=N2
B-H,CC1=CC(C)=CC(NC2=CC=C3SC=NC3=C2)=N1,CC1=CC(C)=CC(N)=N1,BrC1=CC=C(SC=N2)C2=C1
B-H,COC1=CC=C(OC)C(NC2=CC=NC3=CC=CC=C23)=C1,NC1=CC(OC)=CC=C1OC,BrC1=CC=NC2=CC=CC=C12
B-H,COC(C(C)=C1)=CC=C1NC2=CN=CC(CO)=C2,NC1=CC=C(OC)C(C)=C1,OCC1=CC(Br)=CN=C1
B-H,[O-][N+](C(C=C(C=C1C)C)=C1NC2=CC(N(C)C)=CC=C2)=O,NC1=C([N+]([O-])=O)C=C(C)C=C1C,CN(C)C1=CC=CC(Br)=C1
B-H,FC(F)(F)C1=CC=CC(NC(C=C2)=NC=C2C)=C1,NC1=CC(C(F)(F)F)=CC=C1,CC1=CN=C(Br)C=C1
B-H,FC1=NC=C(NC2=CC3=C(C=C2)C=NC=C3)C=C1,FC1=NC=C(C=C1)N,BrC1=CC2=C(C=NC=C2)C=C1
B-H,ClC(C=C1)=CN=C1NC2=CN3C(C=C2)=NC=C3,NC1=NC=C(C=C1)Cl,BrC1=CN2C(C=C1)=NC=C2
B-H,FC(F)(F)C1=CC=C(C(F)(F)F)C(NC2=NC3=CC=CC=C3N=C2)=C1,NC1=CC(C(F)(F)F)=CC=C1C(F)(F)F,BrC1=NC2=CC=CC=C2N=C1
B-H,CC1=NC=CC(NC(C=C2)=NC=C2C)=C1,CC1=NC=CC(N)=C1,CC1=CN=C(Br)C=C1
B-H,FC1=CC(NC2=CN=C3C=CC=NN32)=CC=C1,NC1=CC=CC(F)=C1,BrC1=CN=C2C=CC=NN21
B-H,[O-][N+](C1=CC=C(C)C(NC(C=CC2=C3)=CC2=NN3C)=C1)=O,NC1=CC([N+]([O-])=O)=CC=C1C,CN1N=C2C=C(Br)C=CC2=C1
B-H,N#CC(C=C1)=NC=C1NC2=NC3=CC=CC=C3C=C2,NC1=CN=C(C=C1)C#N,BrC1=NC2=CC=CC=C2C=C1
B-H,ClC(C=C1)=CN=C1NC2=CC3=C(C=NN3)C=C2,NC1=NC=C(C=C1)Cl,BrC1=CC2=C(C=C1)C=NN2
B-H,CSC(C=C1)=CC=C1NC2=CC=CC(C=O)=N2,NC1=CC=C(SC)C=C1,O=Cc1nc(Br)ccc1
Carboxylic-Acid-Esterification,O=C(Cc1c(F)cc(F)c(F)c1)OC2CN(CCC2)CC,OC1CN(CC)CCC1,O=C(O)Cc1cc(F)c(F)cc1F
Carboxylic-Acid-Esterification,O=C(Cc1c(F)cc(F)c(F)c1)OCC2=CC=CN=C2OC,OCC1=CC=CN=C1OC,O=C(O)Cc1cc(F)c(F)cc1F
Carboxylic-Acid-Esterification,O=C(OCC1OCCC1)C2=CC=NN2C(C)C,OCC1OCCC1,O=C(C1=CC=NN1C(C)C)O
Carboxylic-Acid-Esterification,O=C(OCC1=NC=CC(Cl)=C1)COC2=CC=CC=C2,OCC1=NC=CC(Cl)=C1,O=C(COC1=CC=CC=C1)O
Carboxylic-Acid-Esterification,O=C(C1CC2=C(C=CC=C2)C1)OCC3=CC=CN=C3OC,OCC1=CC=CN=C1OC,O=C(O)C1CC2=C(C1)C=CC=C2
Carboxylic-Acid-Esterification,O=C(OCC1=CC(Cl)=NC(Cl)=C1)C2=C(C)C=C(C)C=C2C,OCC1=CC(Cl)=NC(Cl)=C1,O=C(C1=C(C=C(C=C1C)C)C)O
Carboxylic-Acid-Esterification,FC1=CC(F)=CC(CC(OCC2=CC=CN=C2OC)=O)=C1,OCC1=CC=CN=C1OC,OC(CC1=CC(F)=CC(F)=C1)=O
Carboxylic-Acid-Esterification,O=C(OCC(CC1)CCN1C(OCC2=CC=CC=C2)=O)C3=CC=C(OC)C=C3OC,O=C(N1CCC(CO)CC1)OCC2=CC=CC=C2,O=C(C1=CC=C(C=C1OC)OC)O
Carboxylic-Acid-Esterification,O=C(C1=CC=C(C=C1)F)OC(C=C(C=C2OCC3=CC=CC=C3)OCC4=CC=CC=C4)=C2C(C)=O,CC(=O)C1=C(O)C=C(OCC2=CC=CC=C2)C=C1OCC1=CC=CC=C1,OC(=O)C1=CC=C(F)C=C1
Carboxylic-Acid-Esterification,O=C(C1=CC(Br)=NC=C1)OC(C=C(C=C2OCC3=CC=CC=C3)OCC4=CC=CC=C4)=C2C(C)=O,CC(=O)C1=C(O)C=C(OCC2=CC=CC=C2)C=C1OCC1=CC=CC=C1,O=C(O)C1=CC(Br)=NC=C1
Carboxylic-Acid-Esterification,O=C(Oc1c2nc(C)ccc2ccc1)C3=CC(C)=NC4=CC=CC=C34,Cc1ccc2cccc(O)c2n1,O=C(C1=CC(C)=NC2=CC=CC=C12)O
Carboxylic-Acid-Esterification,O=C(Cc1c(F)cc(F)c(F)c1)OCC2=CC=C(C=C2)N3N=CC=C3,OCC1=CC=C(N2N=CC=C2)C=C1,O=C(O)Cc1cc(F)c(F)cc1F
Carboxylic-Acid-Esterification,O=C(C1CC2=C(C=CC=C2)C1)OCC3=CC=C(C=C3)N4N=CC=C4,OCC1=CC=C(N2N=CC=C2)C=C1,O=C(O)C1CC2=C(C1)C=CC=C2
Carboxylic-Acid-Esterification,O=C(OCC1=CC=CN=C1NC)C2=CC(Br)=CS2,OCC1=CC=CN=C1NC,O=C(C1=CC(Br)=CS1)O
Carboxylic-Acid-Esterification,O=C(OCCN(C1=NC=CC=C1)C)C2=CC(Br)=CS2,CN(CCO)C1=NC=CC=C1,O=C(C1=CC(Br)=CS1)O
Carboxylic-Acid-Esterification,O=C(OCC1=CC=C(C=C1)N2N=CC=C2)C3=C(C=C4C=CC=CC4=C3)OC,OCC1=CC=C(N2N=CC=C2)C=C1,O=C(C1=C(OC)C=C2C=CC=CC2=C1)O
Carboxylic-Acid-Esterification,O=C(OCC1N(CCC1)C)C2=C(C=C3C=CC=CC3=C2)OC,OCC1N(C)CCC1,O=C(C1=C(OC)C=C2C=CC=CC2=C1)O
Carboxylic-Acid-Esterification,O=C(OCC1=NC=CC(Cl)=C1)C2=CC=C(C)C(F)=C2,OCC1=NC=CC(Cl)=C1,O=C(C1=CC=C(C(F)=C1)C)O
Carboxylic-Acid-Esterification,CC(C1=CC=CC=C1O2)=C2C(OCC(CC3)CCN3C(OCC4=CC=CC=C4)=O)=O,O=C(N1CCC(CO)CC1)OCC2=CC=CC=C2,OC(C1=C(C2=CC=CC=C2O1)C)=O
Carboxylic-Acid-Esterification,CC(C1=CC=CC=C1O2)=C2C(OCC3=NC4=CC=C(C=C4N3)Cl)=O,OCC1=NC2=CC=C(Cl)C=C2N1,OC(C1=C(C2=CC=CC=C2O1)C)=O
Carboxylic-Acid-Esterification,O=C(OCC1=CC=C(C=C1)C#C)C2CN(CCO2)CC3=CC=CC=C3,OCC1=CC=C(C#C)C=C1,O=C(C1CN(CC2=CC=CC=C2)CCO1)O
Carboxylic-Acid-Esterification,CC(C1=CC=CC=C1O2)=C2C(OC3CCN(CC3)C)=O,OC1CCN(C)CC1,OC(C1=C(C2=CC=CC=C2O1)C)=O
Carboxylic-Acid-Esterification,O=C(OCC1=NC2=CC=C(C=C2N1)Cl)C3=CC=C(OC)C=C3OC,OCC1=NC2=CC=C(Cl)C=C2N1,O=C(C1=CC=C(C=C1OC)OC)O
Carboxylic-Acid-Esterification,O=C(C1=CC2=C(N1)C=CC(OC)=C2)OCC3OCCC3,OCC1OCCC1,O=C(O)C1=CC2=C(C=CC(OC)=C2)N1
Carboxylic-Acid-Esterification,CC(C1=CC=C(CC2CCCC2=O)C=C1)C(Oc3cnc(OC)cc3)=O,COc1ccc(O)cn1,CC(C(O)=O)C1=CC=C(C=C1)CC2CCCC2=O
Chan-Lam,O=CC1=CC=CC=C1NC2=CN=C(OC)C=C2,O=CC1=CC=CC=C1N,OB(O)C1=CN=C(C=C1)OC
Chan-Lam,CSC1=CC(NC2=CN=C(OC)C=C2)=CC=C1,NC1=CC=CC(SC)=C1,OB(O)C1=CN=C(C=C1)OC
Chan-Lam,FC(F)(F)C1=NC=C(NC2=CC=C(C)C(I)=C2)C=C1,NC1=CC=C(C(I)=C1)C,OB(O)C1=CN=C(C=C1)C(F)(F)F
Chan-Lam,IC1=CC=C(C)C(NC2=CC=CC(NC(C)=O)=C2)=C1,NC1=CC(I)=CC=C1C,OB(O)C1=CC=CC(NC(C)=O)=C1
Chan-Lam,CCOC1=CC=C(NCC23CC4CC(C3)CC(C4)C2)C=N1,NCC12CC3CC(CC(C2)C3)C1,CCOC1=CC=C(C=N1)B(O)O
Chan-Lam,FC1=NC=C(NC2=CC=C(C)C=C2C)C=C1,NC1=CC=C(C=C1C)C,OB(O)C1=CN=C(C=C1)F
Chan-Lam,CCOC1=CC=C(N2C=NC3=CC(C)=CC=C32)C=N1,CC1=CC=C2C(N=CN2)=C1,CCOC1=CC=C(C=N1)B(O)O
Chan-Lam,CCOC1=CC=C(C=N1)NC2=CC=C(C(C)=C2)OC,NC1=CC=C(C(C)=C1)OC,CCOC1=CC=C(C=N1)B(O)O
Chan-Lam,CC1=CC(NC2=CC=C(C=C2)C)=CC=C1F,NC1=CC=C(C=C1)C,OB(O)C1=CC=C(C(C)=C1)F
Chan-Lam,CC1=CC(C)=CC=C1NC2=CC=CN=C2OC,NC1=CC=C(C=C1C)C,OB(O)C1=CC=CN=C1OC
Chan-Lam,CC1=C(C)C(NC2=CC=CN=C2OC)=CC=C1,NC1=CC=CC(C)=C1C,OB(O)C1=CC=CN=C1OC
Chan-Lam,[O-][N+](C(C=C1)=CN=C1NC2=CC3=C(OCO3)C=C2)=O,NC1=NC=C(C=C1)[N+]([O-])=O,OB(O)C1=CC2=C(C=C1)OCO2
Chan-Lam,CC(NC1=CC(N(C=N2)C3=C2C=CC=C3)=CC=C1)=O,C1(C=CC=C2)=C2NC=N1,OB(O)C1=CC=CC(NC(C)=O)=C1
Chan-Lam,CC1=NC=CN1C2=CC=C(SC)C=C2,CC1=NC=CN1,OB(O)C1=CC=C(C=C1)SC
Chan-Lam,CN1CCN(C2=CC=C(F)C(C)=C2)CC1,CN1CCNCC1,OB(O)C1=CC=C(C(C)=C1)F
Chan-Lam,CC1=CC=C(N(C2=CC=C(C=O)S2)C3=CC=C(C)C=C3)C=C1,CC1=CC=C(C=C1)NC2=CC=C(C=C2)C,OB(O)C1=CC=C(S1)C=O
Chan-Lam,CC1=C(C)C(NC2=CC=CC(NC(C)=O)=C2)=CC=C1,NC1=CC=CC(C)=C1C,OB(O)C1=CC=CC(NC(C)=O)=C1
Chan-Lam,CSC(C=C1)=CC=C1NC2=CN=C(F)C=C2,NC1=CC=C(C=C1)SC,OB(O)C1=CN=C(C=C1)F
Chan-Lam,O=C(OC)C1=CC(F)=CC=C1NC2=CC=CN=C2OC,O=C(C1=CC(F)=CC=C1N)OC,OB(O)C1=CC=CN=C1OC
Chan-Lam,COC(N=C1)=CC=C1NC2=CC=CN=C2OC,NC1=CC=C(N=C1)OC,OB(O)C1=CC=CN=C1OC
Chan-Lam,CC1=CC(NC2=CC=C(F)C(C)=C2)=CC=C1OC,NC1=CC=C(C(C)=C1)OC,OB(O)C1=CC=C(C(C)=C1)F
Chan-Lam,CC1=CC=C(N(C2=CN=C(F)C=C2)C3=CC=CC=C3)C=C1,CC1=CC=C(C=C1)NC2=CC=CC=C2,OB(O)C1=CN=C(C=C1)F
Chan-Lam,CC(C)(C)C1=CC=C(NC2=CC(C(C)=O)=CC=C2)C=C1,NC1=CC(C(C)=O)=CC=C1,OB(O)C1=CC=C(C=C1)C(C)(C)C
Chan-Lam,CC1=CC2=C(N1C3=CN=C(OC)N=C3OC)C=CC=C2,CC1=CC2=C(C=CC=C2)N1,OB(O)C1=CN=C(N=C1OC)OC
Chan-Lam,CC1=CC=C2C(N=CN2C3=CN=C(C(F)(F)F)C=C3)=C1,CC1=CC=C2C(N=CN2)=C1,OB(O)C1=CN=C(C=C1)C(F)(F)F
Chan-Lam,CC1=CC=C2C(N=CN2C3=CC=C4OCCOC4=C3)=C1,CC1=CC=C2C(N=CN2)=C1,OB(O)C1=CC=C2OCCOC2=C1
Chan-Lam,CC1=CC=C(NC2=CC=C(OC)C=C2)C=N1,NC1=CC=C(C=C1)OC,OB(C1=CC=C(C)N=C1)O
Chan-Lam,CCOC1=CC2=CC=C(NC3=NC=CC=C3)C=C2C=C1,NC1=NC=CC=C1,OB(O)C1=CC=C2C=C(C=CC2=C1)OCC
Chan-Lam,IC1=CC(NC2=CC3=CC=CC=C3N=C2)=CC=C1C,NC1=CC=C(C(I)=C1)C,OB(O)C1=CC2=CC=CC=C2N=C1
Chan-Lam,CC1=NC=CC=C1NC2=CC=C(OC3=CC=CC=C3)C=C2,CC1=NC=CC=C1N,OB(O)C1=CC=C(C=C1)OC2=CC=CC=C2
Chan-Lam,CCOC1=CC2=CC=C(NC3=CC=CN=C3C)C=C2C=C1,CC1=NC=CC=C1N,OB(O)C1=CC=C2C=C(C=CC2=C1)OCC
Chan-Lam,O=C1N(C2=CC=CC(OCC3=CC=CC=C3)=C2)C=C(C)C=C1,O=C1NC=C(C=C1)C,OB(C1=CC=CC(OCC2=CC=CC=C2)=C1)O
Chan-Lam,N1(C2=CC=CC(OCC3=CC=CC=C3)=C2)CCCC1,N1CCCC1,OB(C1=CC=CC(OCC2=CC=CC=C2)=C1)O
Chan-Lam,CC1=NC=CC=C1NC2=CC3=CC=CC=C3N=C2,CC1=NC=CC=C1N,OB(O)C1=CC2=CC=CC=C2N=C1
Chan-Lam,COC1=NC=C(N2CCCC2)C=N1,N1CCCC1,OB(O)C1=CN=C(N=C1)OC
Chan-Lam,CC(NC1=CC(NC2=CC(OCC)=NC=C2)=CC=C1)=O,NC1=CC(OCC)=NC=C1,OB(O)C1=CC=CC(NC(C)=O)=C1
