feature,importance
fp_842,2628.613525390625
col472,2441.567626953125
fp_707,2250.0205078125
fp_387,2197.583251953125
col167,2051.371826171875
fp_767,2049.443359375
fp_546,1966.28955078125
col377,1954.856201171875
fp_443,1862.390625
col58,1758.5986328125
fp_655,1533.577392578125
fp_378,1509.93310546875
col792,1477.9161376953125
fp_145,1419.4891357421875
fp_126,1328.4019775390625
fp_184,1328.3245849609375
fp_171,1276.9444580078125
fp_939,1270.921142578125
fp_795,1211.4127197265625
col476,1194.0184326171875
fp_523,1181.2952880859375
fp_579,1180.5667724609375
fp_268,1171.741455078125
fp_561,1170.7369384765625
fp_935,1154.892333984375
fp_52,1131.9844970703125
col633,1098.345703125
fp_456,1096.25732421875
fp_644,1094.490966796875
fp_178,1084.32421875
fp_343,1031.911865234375
fp_335,1003.7308959960938
col799,991.7380981445312
fp_5,985.6370239257812
fp_264,977.208984375
H_bond_donors,954.8564453125
fp_733,917.9007568359375
fp_124,915.633544921875
col810,915.2076416015625
fp_320,878.630615234375
fp_997,869.2572631835938
fp_747,857.8346557617188
fp_924,847.7173461914062
logP,837.7410888671875
col106,831.2069702148438
col334,817.3950805664062
fp_887,814.9097900390625
fp_821,812.4002685546875
fp_619,808.7467041015625
fp_746,780.6805419921875
fp_577,744.7022094726562
fp_276,742.7998046875
fp_549,741.6640625
fp_234,735.3038940429688
fp_73,731.8117065429688
col788,729.0947875976562
fp_242,713.666259765625
fp_632,698.9556274414062
fp_952,697.7018432617188
fp_142,696.764892578125
fp_381,695.4970703125
col766,692.8268432617188
fp_71,687.2232055664062
fp_495,682.3850708007812
fp_401,676.1289672851562
col756,659.646728515625
fp_305,647.4884643554688
col403,644.4442138671875
fp_647,639.7991943359375
fp_715,636.0547485351562
col87,625.4649658203125
fp_48,621.5846557617188
fp_545,609.3589477539062
fp_724,601.8670654296875
fp_417,592.6356811523438
fp_207,591.3373413085938
fp_192,590.6375732421875
fp_102,585.4462890625
fp_550,585.1930541992188
fp_745,583.4608154296875
fp_610,572.5322875976562
fp_859,569.3565673828125
col346,568.3327026367188
fp_830,566.5288696289062
fp_950,566.0232543945312
col350,564.6780395507812
fp_17,557.6527099609375
fp_684,547.8400268554688
col316,547.1965942382812
fp_675,541.0726318359375
fp_542,536.5337524414062
fp_589,536.3077392578125
fp_232,531.85791015625
fp_858,512.4244995117188
fp_111,511.0072021484375
fp_121,507.1097412109375
fp_743,492.35675048828125
fp_104,486.82354736328125
fp_601,477.9938659667969
col408,477.7576599121094
col808,469.9096374511719
fp_558,466.776123046875
fp_496,464.1659851074219
fp_448,452.9135437011719
fp_786,450.8431396484375
fp_708,448.2965393066406
fp_135,448.29547119140625
fp_350,440.888671875
col162,430.0010681152344
col163,429.8309631347656
fp_894,424.3591003417969
fp_475,421.4148864746094
fp_528,420.30645751953125
fp_446,415.3892517089844
fp_521,415.24652099609375
fp_880,412.4447021484375
fp_841,410.398681640625
MolWt,404.84356689453125
fp_685,397.59271240234375
fp_177,394.5389404296875
fp_208,391.4095764160156
fp_497,390.4434814453125
fp_674,387.1823425292969
fp_580,384.6815490722656
fp_383,380.6487121582031
col783,369.9789123535156
col471,364.5474548339844
fp_759,362.14447021484375
fp_2,360.5295715332031
fp_758,360.0234680175781
fp_430,356.0283508300781
fp_515,355.81121826171875
fp_263,347.9283447265625
fp_680,342.6285400390625
fp_19,335.6212158203125
fp_936,331.059814453125
fp_999,328.9237365722656
fp_13,328.91357421875
fp_571,327.59564208984375
fp_283,326.5910339355469
col811,322.19146728515625
fp_676,320.4112243652344
fp_628,317.96685791015625
fp_1018,315.56817626953125
fp_570,312.3973388671875
fp_444,309.46783447265625
fp_362,308.88177490234375
fp_886,308.20361328125
fp_245,307.12078857421875
fp_818,301.96875
fp_847,301.8026123046875
fp_219,300.8868103027344
fp_4,300.8110656738281
fp_99,300.0311279296875
col348,299.29901123046875
fp_756,295.8578796386719
fp_710,295.1246032714844
fp_307,294.6136474609375
fp_798,294.0938415527344
fp_423,289.964599609375
fp_168,289.6495361328125
fp_270,283.8763122558594
fp_67,281.4845886230469
fp_604,275.91583251953125
fp_1017,274.81512451171875
TPSA,272.6826171875
fp_906,270.8683776855469
fp_520,267.3906555175781
col802,262.51007080078125
col57,260.5978698730469
fp_500,258.95709228515625
col804,257.82818603515625
fp_695,253.3433380126953
fp_1019,250.7965087890625
fp_75,250.73841857910156
fp_341,247.6555938720703
fp_598,246.12806701660156
fp_652,240.9274139404297
fp_77,240.92103576660156
fp_926,237.7172393798828
fp_285,237.09754943847656
fp_624,235.85903930664062
fp_201,235.5162353515625
col72,232.06593322753906
fp_92,231.8676300048828
fp_931,231.1690216064453
fp_552,228.9951934814453
fp_314,228.10154724121094
fp_117,224.05856323242188
fp_891,220.5137481689453
fp_840,219.37680053710938
fp_241,215.018798828125
fp_794,213.5482177734375
fp_291,210.97152709960938
fp_1001,210.2844696044922
fp_712,210.2629852294922
fp_360,209.46621704101562
fp_452,209.4163360595703
fp_488,207.8870391845703
fp_557,207.3768768310547
fp_14,205.91932678222656
fp_338,205.7638397216797
fp_101,204.6559600830078
fp_200,204.05941772460938
fp_838,203.73471069335938
fp_790,203.61839294433594
fp_148,201.0064239501953
fp_147,199.9488983154297
col809,198.9833526611328
fp_829,198.8722686767578
fp_574,198.21444702148438
fp_711,197.07164001464844
fp_992,196.37908935546875
fp_288,194.48910522460938
fp_346,192.3831787109375
fp_828,191.64137268066406
fp_62,189.07020568847656
fp_218,186.5404510498047
col758,183.4851531982422
fp_53,181.20982360839844
fp_11,179.402099609375
fp_297,179.1816864013672
fp_440,175.43360900878906
fp_629,174.7056121826172
fp_888,174.17434692382812
fp_389,171.76956176757812
fp_261,171.5172119140625
fp_1013,170.88783264160156
fp_386,169.0804443359375
fp_1004,168.24612426757812
fp_802,167.88243103027344
col93,167.39332580566406
fp_510,164.46685791015625
col722,164.31997680664062
fp_502,163.42433166503906
fp_265,163.1253204345703
fp_753,160.349365234375
fp_324,159.51821899414062
fp_626,158.6304931640625
col92,158.28799438476562
fp_964,154.02532958984375
fp_965,153.23826599121094
fp_813,150.4851531982422
fp_339,150.44017028808594
fp_615,149.64984130859375
fp_143,148.75286865234375
fp_876,148.5426788330078
fp_185,148.53367614746094
fp_494,147.98812866210938
fp_650,147.9501495361328
fp_114,147.7286834716797
fp_1010,147.5331573486328
fp_100,147.15269470214844
fp_131,146.41473388671875
fp_231,144.93032836914062
fp_614,144.73191833496094
fp_31,142.36767578125
fp_762,142.0016632080078
fp_613,141.9241485595703
fp_1,141.69996643066406
fp_530,141.5183563232422
fp_677,141.0057373046875
col768,140.67921447753906
fp_203,140.62660217285156
col517,140.3935546875
fp_531,139.7127685546875
fp_155,139.00083923339844
fp_593,137.63926696777344
fp_576,137.51942443847656
fp_551,137.02561950683594
fp_654,136.6260528564453
fp_834,136.57228088378906
fp_301,136.38136291503906
fp_915,133.54550170898438
fp_792,132.3138885498047
fp_672,130.9273681640625
col462,130.60865783691406
fp_852,129.8271484375
fp_938,129.7264404296875
fp_122,129.3528594970703
fp_1020,128.93521118164062
fp_498,128.6317596435547
col764,127.96231079101562
col720,127.74911499023438
fp_294,125.90371704101562
col806,125.51095581054688
fp_25,123.62539672851562
fp_76,123.39395904541016
fp_966,123.38574981689453
fp_74,123.0457763671875
fp_760,122.87165069580078
col781,120.77487182617188
fp_269,120.41703796386719
fp_922,120.36312866210938
fp_129,119.29569244384766
fp_820,118.64027404785156
fp_592,118.30174255371094
col779,118.22418212890625
fp_728,117.93199157714844
fp_277,117.73429870605469
fp_867,117.46620178222656
fp_118,117.3000259399414
fp_616,117.00723266601562
fp_980,116.76800537109375
fp_140,115.91856384277344
fp_799,115.91300201416016
fp_489,115.54605865478516
fp_646,114.76496887207031
fp_667,114.47022247314453
fp_974,114.43462371826172
fp_702,114.30496215820312
fp_890,114.22096252441406
fp_910,113.22286224365234
fp_878,113.20006561279297
fp_293,112.59739685058594
fp_144,112.58736419677734
col91,112.51234436035156
fp_409,111.30534362792969
fp_831,110.30641174316406
fp_94,109.69770050048828
fp_1006,109.6147689819336
fp_471,109.51970672607422
fp_827,108.88406372070312
fp_7,108.31970977783203
fp_395,108.20005798339844
fp_172,108.07890319824219
fp_700,107.9853286743164
fp_717,107.67882537841797
fp_961,107.28736877441406
fp_726,105.81187438964844
col84,105.62911224365234
fp_355,105.61766815185547
fp_491,105.31432342529297
fp_392,105.17842864990234
fp_801,105.12523651123047
fp_807,104.60894775390625
fp_609,104.25846099853516
col774,103.3397216796875
fp_352,103.17273712158203
fp_146,102.47034454345703
fp_533,102.4077377319336
fp_714,101.94722747802734
fp_540,100.99140930175781
fp_555,100.80220794677734
fp_113,100.153076171875
fp_50,99.88604736328125
fp_216,99.55685424804688
col347,99.1826171875
fp_486,98.93876647949219
fp_796,97.99451446533203
fp_367,97.47711181640625
fp_793,95.6405029296875
fp_1012,95.1951675415039
fp_47,94.33635711669922
fp_458,93.947998046875
fp_484,93.6703109741211
fp_271,93.44585418701172
fp_374,92.99508666992188
fp_176,92.87372589111328
H_bond_acceptors,92.8602066040039
fp_513,92.4971694946289
fp_49,92.35775756835938
fp_212,92.1888198852539
fp_407,92.15721130371094
fp_868,91.7998275756836
fp_162,91.27088928222656
fp_38,91.06970977783203
fp_741,90.00853729248047
col793,89.9422607421875
fp_260,89.77621459960938
col80,89.60782623291016
fp_139,89.26416778564453
fp_251,88.89755249023438
fp_336,88.79454803466797
fp_585,88.77363586425781
fp_493,88.73026275634766
fp_180,88.6188735961914
fp_130,88.29134368896484
fp_295,88.10423278808594
fp_893,87.83613586425781
fp_391,87.66563415527344
fp_723,87.2834243774414
fp_398,86.9962387084961
fp_40,86.76580047607422
fp_214,86.70672607421875
fp_133,86.64624786376953
fp_190,86.39092254638672
fp_132,85.7989273071289
fp_330,85.6318359375
fp_119,85.38375854492188
fp_512,85.30834197998047
fp_687,84.87000274658203
fp_607,84.82023620605469
fp_967,84.7877426147461
fp_946,84.15384674072266
fp_806,84.11624908447266
fp_929,83.80470275878906
fp_625,83.78915405273438
fp_449,83.50858306884766
fp_744,83.43177795410156
fp_889,83.38878631591797
fp_872,83.12550354003906
fp_527,82.83929443359375
fp_781,82.55101013183594
fp_128,82.07093048095703
fp_235,82.0003890991211
fp_138,81.96904754638672
fp_325,81.9615707397461
fp_310,81.83029174804688
fp_772,81.30670166015625
fp_805,81.1482925415039
fp_914,80.38064575195312
fp_845,80.28050231933594
col745,79.39363861083984
fp_811,78.82890319824219
fp_333,78.74925994873047
fp_289,78.43865966796875
fp_773,78.38371276855469
fp_173,78.16465759277344
fp_941,77.73763275146484
fp_433,77.59596252441406
fp_236,76.97526550292969
fp_659,76.91398620605469
fp_80,76.75244140625
fp_951,76.59607696533203
fp_564,76.33099365234375
fp_109,76.24604797363281
fp_904,76.00711822509766
fp_701,75.71234130859375
fp_461,75.42210388183594
fp_12,75.28528594970703
fp_20,75.10028839111328
fp_319,75.04129028320312
fp_668,75.00666809082031
fp_195,74.8134765625
fp_940,74.50425720214844
fp_855,74.49010467529297
fp_43,74.1693344116211
fp_462,74.00775909423828
fp_65,73.78460693359375
fp_279,73.54924774169922
fp_837,73.49202728271484
fp_960,73.42367553710938
fp_881,73.33462524414062
fp_932,72.777099609375
fp_237,72.0057601928711
fp_930,71.97004699707031
fp_56,71.54633331298828
fp_775,71.51583099365234
col406,71.14614868164062
fp_669,70.81484985351562
fp_866,70.71673583984375
fp_384,70.58466339111328
fp_862,70.5078353881836
fp_255,70.39742279052734
fp_810,70.15534210205078
fp_273,70.09140014648438
fp_238,69.85819244384766
fp_191,69.7857666015625
fp_780,69.57960510253906
fp_873,69.41703796386719
fp_419,69.35948944091797
fp_72,69.35002136230469
fp_709,69.23912811279297
fp_36,68.8963623046875
fp_249,68.77696990966797
fp_161,68.59684753417969
fp_995,68.47111511230469
col651,68.1757583618164
fp_977,68.03361511230469
fp_257,67.91386413574219
fp_221,67.85809326171875
fp_188,67.84307098388672
fp_511,66.90645599365234
fp_79,66.87557220458984
fp_1023,66.80323028564453
fp_578,66.42851257324219
fp_93,66.21296691894531
fp_441,66.14295196533203
fp_393,65.99451446533203
fp_123,65.73493957519531
fp_323,64.71128845214844
fp_563,64.6634521484375
fp_303,64.62461853027344
fp_640,64.57469177246094
fp_463,64.3598861694336
fp_857,64.33007049560547
fp_175,64.05376434326172
fp_312,63.60222625732422
fp_364,63.288963317871094
fp_787,63.274871826171875
fp_258,62.94308090209961
fp_492,62.45340347290039
fp_421,62.22366714477539
fp_179,62.2069091796875
fp_388,62.06221008300781
fp_427,62.00886535644531
fp_809,61.96728515625
fp_469,61.89604187011719
fp_984,61.57969665527344
fp_514,61.537017822265625
fp_975,61.46721649169922
fp_33,61.315521240234375
fp_943,61.299686431884766
fp_617,61.21718215942383
fp_287,60.91444396972656
fp_970,60.653621673583984
fp_884,60.54546356201172
fp_671,60.5112419128418
fp_525,60.40775680541992
fp_1000,60.30795669555664
fp_879,60.11537551879883
col337,59.98221206665039
fp_843,59.84798812866211
fp_713,59.500762939453125
fp_716,59.18279266357422
fp_58,59.129920959472656
fp_394,59.041351318359375
fp_169,58.96120834350586
col805,58.93254089355469
fp_605,58.91509246826172
fp_267,58.78001022338867
fp_698,58.62730407714844
fp_186,58.53495407104492
fp_45,58.5191650390625
fp_428,58.481624603271484
fp_548,58.454105377197266
fp_739,58.338470458984375
fp_377,57.60777282714844
fp_704,57.49402618408203
fp_630,57.061485290527344
col470,57.05792236328125
col89,56.75210952758789
fp_366,56.65758514404297
fp_673,56.36387252807617
fp_266,56.273197174072266
fp_115,56.17101287841797
fp_315,56.0985221862793
col821,55.91685485839844
fp_259,55.9141731262207
fp_1014,55.73466491699219
fp_342,55.670440673828125
fp_112,55.65519714355469
fp_110,55.36008834838867
fp_955,55.29353713989258
fp_39,55.236202239990234
col264,55.188148498535156
fp_1021,55.14750671386719
fp_812,54.8881721496582
fp_181,54.73851013183594
fp_637,53.623512268066406
fp_562,53.27421951293945
fp_895,52.704498291015625
fp_679,52.31794357299805
fp_165,52.29740524291992
fp_547,52.05758285522461
fp_211,51.911991119384766
fp_459,51.78341293334961
fp_1011,51.707035064697266
col325,51.69061279296875
fp_1009,51.61234664916992
col753,51.60553741455078
fp_778,51.59542465209961
fp_606,51.120121002197266
fp_361,50.902042388916016
fp_136,50.831729888916016
fp_69,50.792781829833984
fp_227,50.558284759521484
fp_736,50.516822814941406
col718,50.461395263671875
fp_194,50.36898422241211
fp_244,50.18805694580078
fp_544,50.18193054199219
fp_193,50.053245544433594
fp_718,50.05189514160156
col478,49.992069244384766
fp_233,49.91080093383789
fp_595,49.8790168762207
col475,49.87153625488281
fp_480,49.7646484375
fp_63,49.76243591308594
fp_464,49.661190032958984
fp_981,49.56907653808594
fp_534,49.404747009277344
fp_152,49.306793212890625
fp_584,49.21358108520508
fp_994,49.09569549560547
fp_947,48.784950256347656
fp_883,48.69791030883789
fp_566,48.67818832397461
fp_522,48.54167175292969
fp_901,48.50676345825195
fp_663,48.23152160644531
fp_816,48.188514709472656
fp_871,48.047386169433594
fp_454,48.008750915527344
fp_591,47.98183059692383
fp_587,47.95220184326172
fp_66,47.87644958496094
fp_800,47.855594635009766
fp_322,47.80735397338867
fp_948,47.782379150390625
fp_429,47.571044921875
fp_832,47.49483871459961
fp_141,47.43416213989258
fp_699,47.299827575683594
fp_108,47.25568389892578
col732,47.14955520629883
fp_907,47.1457405090332
fp_691,47.133506774902344
fp_490,46.91514205932617
fp_371,46.86235809326172
fp_885,46.659202575683594
fp_819,46.628456115722656
fp_332,46.53517532348633
fp_934,46.48546600341797
fp_196,46.47707748413086
fp_734,46.363067626953125
fp_202,46.241390228271484
col440,46.18390655517578
fp_396,46.174434661865234
fp_621,46.15432357788086
fp_969,46.02009582519531
fp_250,45.98015213012695
fp_622,45.932579040527344
fp_703,45.76023864746094
fp_217,45.7218132019043
fp_993,45.66416931152344
fp_10,45.19832992553711
fp_770,45.14664077758789
fp_896,44.72443389892578
fp_8,44.511680603027344
fp_262,44.476524353027344
fp_823,44.18295669555664
fp_661,44.09139633178711
fp_916,44.06807327270508
fp_354,43.69388961791992
fp_426,43.658851623535156
fp_87,43.56831741333008
fp_243,43.40647888183594
fp_642,43.35853958129883
fp_599,43.33639144897461
fp_761,43.30558395385742
col736,42.98163604736328
fp_41,42.81850051879883
fp_228,42.757164001464844
fp_697,42.74574279785156
fp_899,42.72411346435547
fp_853,42.64697265625
fp_590,42.32177734375
fp_248,42.16883850097656
fp_649,42.0656623840332
fp_730,41.94301223754883
fp_982,41.845821380615234
col336,41.845359802246094
fp_662,41.45336151123047
fp_937,41.25824737548828
fp_905,40.86431884765625
fp_835,40.71724319458008
fp_29,40.666015625
fp_373,40.53200912475586
fp_641,40.503170013427734
fp_15,40.34693145751953
col393,40.328670501708984
fp_785,40.25798034667969
col782,40.23107147216797
fp_529,39.98938751220703
fp_694,39.52033233642578
fp_851,39.49790954589844
fp_582,39.40046310424805
fp_397,39.281471252441406
fp_627,39.03742218017578
fp_635,38.95698165893555
fp_32,38.753761291503906
col772,38.70967102050781
fp_284,38.585304260253906
fp_782,38.438167572021484
fp_875,38.42596435546875
fp_42,38.36827850341797
fp_116,38.22764205932617
fp_485,38.15298843383789
fp_357,38.06903839111328
fp_22,38.06899642944336
fp_656,38.010311126708984
fp_78,37.42840576171875
fp_159,37.42205810546875
fp_437,37.39826202392578
fp_300,37.393280029296875
fp_913,37.383872985839844
fp_908,37.31461715698242
col335,37.12747573852539
fp_23,37.119667053222656
fp_565,36.78850173950195
fp_64,36.741607666015625
fp_82,36.70709991455078
fp_705,36.6297721862793
fp_815,36.23793411254883
fp_90,35.62822723388672
fp_189,35.296146392822266
fp_170,34.693973541259766
fp_345,34.63241195678711
fp_572,34.56125259399414
fp_983,34.533836364746094
fp_3,34.51737976074219
fp_290,34.30874252319336
fp_149,34.21531677246094
fp_784,34.2014045715332
fp_976,34.10467529296875
fp_223,34.07667541503906
fp_892,34.00660705566406
col426,33.89018630981445
fp_506,33.83964920043945
fp_985,33.64972686767578
col767,33.64028549194336
fp_353,33.61100769042969
fp_971,33.47211837768555
fp_917,33.42378234863281
fp_588,33.3846321105957
fp_278,33.35955810546875
fp_451,33.268165588378906
fp_434,33.0445556640625
fp_826,32.765296936035156
fp_340,32.706642150878906
fp_311,32.62409973144531
fp_204,32.46134567260742
fp_329,32.29865264892578
fp_600,32.13881301879883
fp_84,31.949203491210938
fp_160,31.810409545898438
fp_543,31.651071548461914
col820,31.476903915405273
fp_318,31.3105525970459
fp_517,31.155183792114258
fp_909,31.115684509277344
fp_927,30.956912994384766
fp_439,30.72430419921875
fp_719,30.7047119140625
fp_410,30.53498649597168
fp_418,30.322265625
col338,30.289875030517578
fp_583,30.250244140625
fp_127,29.98660659790039
fp_95,29.869550704956055
fp_594,29.800512313842773
fp_839,29.72762107849121
fp_833,29.605798721313477
fp_286,29.51433563232422
fp_573,29.482725143432617
fp_246,29.42133903503418
fp_553,29.413488388061523
fp_154,29.389556884765625
fp_749,29.333877563476562
fp_721,29.182491302490234
fp_737,28.99156379699707
fp_26,28.973066329956055
fp_638,28.889760971069336
fp_400,28.73665428161621
fp_34,28.727876663208008
fp_634,28.689083099365234
fp_435,28.65086555480957
fp_990,28.636295318603516
fp_81,28.60114860534668
col90,28.354917526245117
col75,28.211936950683594
fp_596,28.21099281311035
col712,28.172536849975586
col27,28.1673583984375
fp_292,28.12835121154785
fp_385,27.722625732421875
fp_125,27.682382583618164
fp_963,27.519662857055664
fp_9,27.498226165771484
fp_44,27.41457176208496
fp_453,27.240337371826172
fp_1005,27.15143585205078
fp_103,26.98822784423828
fp_568,26.928964614868164
fp_902,26.838037490844727
fp_623,26.822999954223633
fp_406,26.422948837280273
fp_447,26.219297409057617
fp_690,26.090539932250977
fp_107,26.081308364868164
fp_764,26.058441162109375
fp_1022,26.025012969970703
fp_763,25.99319076538086
fp_326,25.967601776123047
fp_167,25.937963485717773
fp_226,25.84044075012207
fp_945,25.768163681030273
col70,25.731815338134766
fp_864,25.635465621948242
fp_608,25.446178436279297
fp_612,25.435693740844727
fp_482,25.357547760009766
fp_89,25.31662940979004
fp_375,25.246274948120117
fp_213,25.23272132873535
fp_431,25.22670555114746
fp_735,25.150739669799805
col328,25.040203094482422
fp_507,25.00510025024414
fp_209,24.8453311920166
fp_137,24.84421157836914
fp_252,24.783802032470703
fp_897,24.753055572509766
fp_166,24.548742294311523
fp_918,24.52472496032715
fp_351,24.374982833862305
col794,24.300565719604492
fp_766,24.262104034423828
fp_187,24.116533279418945
fp_848,23.829301834106445
fp_327,23.49445152282715
fp_729,23.238046646118164
fp_230,23.231830596923828
col817,23.180740356445312
fp_554,23.075824737548828
fp_106,23.036724090576172
fp_850,22.844484329223633
fp_83,22.7414493560791
fp_804,22.543245315551758
fp_526,22.523487091064453
col349,22.301616668701172
fp_96,22.250141143798828
fp_457,22.161468505859375
col62,22.149002075195312
fp_863,22.046119689941406
fp_474,21.991918563842773
fp_157,21.97991180419922
fp_151,21.804779052734375
fp_874,21.801034927368164
fp_134,21.787939071655273
fp_432,21.726213455200195
fp_535,21.71114730834961
fp_620,21.67396354675293
fp_24,21.523265838623047
fp_156,21.509231567382812
fp_359,21.172828674316406
fp_722,21.12491226196289
fp_411,21.112396240234375
fp_413,21.112144470214844
fp_769,21.056690216064453
fp_256,20.986164093017578
fp_349,20.980642318725586
fp_105,20.906423568725586
fp_508,20.838930130004883
fp_666,20.798542022705078
fp_738,20.71824836730957
fp_645,20.560434341430664
col344,20.44866180419922
fp_479,20.380197525024414
fp_46,20.326887130737305
fp_88,20.244091033935547
fp_972,20.180776596069336
fp_222,20.139211654663086
col11,20.11583709716797
fp_280,20.06293487548828
fp_921,19.78048324584961
fp_779,19.777297973632812
fp_425,19.767911911010742
fp_91,19.589073181152344
fp_220,19.09176254272461
fp_957,18.965049743652344
fp_518,18.965038299560547
fp_403,18.964588165283203
fp_199,18.939701080322266
fp_477,18.855478286743164
fp_302,18.66797637939453
fp_575,18.528583526611328
fp_776,18.517833709716797
fp_768,18.343473434448242
fp_358,18.30693817138672
fp_944,18.30302619934082
fp_933,18.2998104095459
fp_928,18.27463150024414
fp_57,18.211854934692383
fp_978,18.027292251586914
fp_369,17.826496124267578
fp_334,17.484325408935547
fp_682,17.45781707763672
fp_923,17.061256408691406
fp_478,16.92919158935547
fp_198,16.79860496520996
fp_991,16.442773818969727
fp_539,16.42673683166504
fp_653,16.412839889526367
fp_51,16.399044036865234
fp_822,16.21249008178711
fp_309,16.175222396850586
fp_689,16.158584594726562
fp_750,16.155553817749023
fp_942,15.96615219116211
fp_751,15.896812438964844
fp_422,15.889307975769043
fp_861,15.825967788696289
fp_363,15.82593822479248
fp_379,15.80025577545166
fp_380,15.696798324584961
fp_664,15.676277160644531
fp_854,15.646746635437012
fp_541,15.492244720458984
fp_16,15.415611267089844
col378,15.37213134765625
col807,15.355962753295898
fp_817,15.296304702758789
fp_898,15.119534492492676
fp_98,15.011240005493164
fp_688,14.996850967407227
fp_296,14.957117080688477
fp_499,14.8921480178833
fp_240,14.87030029296875
fp_581,14.733990669250488
fp_86,14.731082916259766
fp_953,14.706145286560059
fp_281,14.676336288452148
fp_206,14.368749618530273
fp_791,14.259986877441406
fp_70,14.180367469787598
fp_183,13.978952407836914
fp_925,13.870723724365234
fp_754,13.845656394958496
fp_1002,13.669588088989258
fp_808,13.591917037963867
fp_399,13.482161521911621
fp_670,13.264131546020508
fp_501,13.072473526000977
fp_748,13.002375602722168
fp_825,12.892234802246094
fp_344,12.873430252075195
fp_331,12.792312622070312
fp_771,12.70286750793457
fp_21,12.688813209533691
fp_586,12.610878944396973
fp_657,12.47700023651123
fp_470,12.414790153503418
fp_253,12.388786315917969
fp_150,12.299304962158203
fp_372,12.2349214553833
fp_412,12.079201698303223
fp_720,12.076783180236816
fp_445,11.762696266174316
col81,11.628623962402344
fp_740,11.073040962219238
fp_321,10.50365924835205
fp_973,9.823948860168457
fp_420,9.73876953125
fp_865,9.566510200500488
fp_466,9.394801139831543
fp_752,8.259297370910645
fp_368,8.24541187286377
col776,8.08401107788086
col395,6.8401970863342285
fp_658,6.463065147399902
