SMILES,True_RT,Predicted_RT,Residual,Target_RT_Norm,Predicted_RT_Norm,Residual_Norm
,69.0,71.09803771972656,2.0980377197265625,1.2806103,1.5163534,0.23574305
,66.0,67.4548110961914,1.4548110961914062,0.9435197,1.106987,0.16346729
,60.0,60.2987174987793,0.2987174987792969,0.26933852,0.30290347,0.033564955
,62.400001525878906,62.98507308959961,0.5850715637207031,0.539011,0.604752,0.065741
,62.400001525878906,61.49104309082031,-0.9089584350585938,0.539011,0.43687725,-0.10213375
,69.5999984741211,64.5874252319336,-5.0125732421875,1.3480284,0.78479815,-0.5632303
,52.79999923706055,55.83468246459961,3.0346832275390625,-0.53967893,-0.19869143,0.3409875
,66.0,62.878807067871094,-3.1211929321289062,0.9435197,0.5928114,-0.3507083
,40.20000076293945,46.76346206665039,6.5634613037109375,-1.9554594,-1.2179658,0.7374935
,64.19999694824219,63.37350082397461,-0.8264961242675781,0.74126536,0.6483971,-0.09286827
,46.79999923706055,53.53338623046875,6.733386993408203,-1.21386,-0.45727307,0.75658697
,71.4000015258789,71.4448013305664,0.0447998046875,1.5502828,1.5553172,0.0050343275
,60.0,61.55237579345703,1.5523757934570312,0.26933852,0.44376898,0.17443046
,61.79999923706055,61.9389762878418,0.13897705078125,0.47159287,0.48720872,0.015615851
,45.0,50.27256774902344,5.2725677490234375,-1.4161144,-0.82367015,0.5924443
,62.400001525878906,60.631683349609375,-1.7683181762695312,0.539011,0.3403165,-0.1986945
,58.20000076293945,58.83399963378906,0.6339988708496094,0.06708417,0.13832259,0.07123842
,64.80000305175781,63.19783020019531,-1.6021728515625,0.80868345,0.62865806,-0.1800254
,66.5999984741211,63.701904296875,-2.8980941772460938,1.0109378,0.68529755,-0.32564026
,63.60000228881836,63.33138656616211,-0.26861572265625,0.67384726,0.64366466,-0.0301826
,58.20000076293945,64.3239974975586,6.123996734619141,0.06708417,0.7551977,0.6881135
,66.5999984741211,63.472904205322266,-3.127094268798828,1.0109378,0.6595662,-0.3513716
,57.39994812011719,60.2271842956543,2.8272361755371094,-0.0228125,0.29486564,0.31767815
,54.599998474121094,65.24557495117188,10.645576477050781,-0.33742455,0.85874975,1.1961743
,55.20000076293945,57.93302917480469,2.7330284118652344,-0.27000642,0.03708633,0.30709276
,37.20000076293945,54.74521255493164,17.545211791992188,-2.29255,-0.32110777,1.9714423
,53.400001525878906,57.30821990966797,3.9082183837890625,-0.47226077,-0.03311929,0.43914148
,60.599998474121094,59.11176300048828,-1.4882354736328125,0.33675665,0.1695329,-0.16722375
,49.20000076293945,55.80050277709961,6.600502014160156,-0.94418764,-0.20253181,0.7416558
,67.80000305175781,67.13208770751953,-0.6679153442382812,1.1457741,1.070725,-0.07504916
,56.400001525878906,60.52619552612305,4.126194000244141,-0.13517019,0.32846385,0.46363404
,69.5999984741211,67.3513412475586,-2.2486572265625,1.3480284,1.0953609,-0.25266755
,54.0,58.17912673950195,4.179126739501953,-0.40484267,0.064738736,0.46958143
,64.80000305175781,62.68166732788086,-2.118335723876953,0.80868345,0.57066,-0.23802346
,73.80000305175781,71.46040344238281,-2.339599609375,1.8199552,1.55707,-0.2628852
,70.19999694824219,68.1622085571289,-2.0377883911132812,1.4154465,1.1864731,-0.22897339
,69.5999984741211,67.23797607421875,-2.3620223999023438,1.3480284,1.0826232,-0.26540518
,43.79999923706055,46.71097183227539,2.9109725952148438,-1.5509506,-1.2238636,0.32708704
,60.0,58.08602523803711,-1.9139747619628906,0.26933852,0.054277647,-0.21506087
,42.24996566772461,43.25028991699219,1.0003242492675781,-1.7251183,-1.6127181,0.112400174
,48.60000228881836,55.26555633544922,6.665554046630859,-1.0116057,-0.26264036,0.7489654
,68.50054168701172,67.73977661132812,-0.7607650756835938,1.2244895,1.1390069,-0.0854826
,65.4000015258789,64.35112762451172,-1.0488739013671875,0.8761016,0.7582467,-0.11785489
,57.0,59.562503814697266,2.5625038146972656,-0.06775207,0.22017972,0.2879318
,67.80000305175781,63.882652282714844,-3.9173507690429688,1.1457741,0.7056069,-0.44016725
,43.20000076293945,45.57309341430664,2.3730926513671875,-1.6183689,-1.3517196,0.26664925
,66.0,66.15837860107422,0.15837860107421875,0.9435197,0.96131593,0.017796218
,65.4000015258789,67.57475280761719,2.1747512817382812,0.8761016,1.1204643,0.24436271
,66.5999984741211,65.2904281616211,-1.3095703125,1.0109378,0.86379004,-0.14714777
,63.0,63.8500862121582,0.8500862121582031,0.6064291,0.7019476,0.09551853
,59.400001525878906,61.155460357666016,1.7554588317871094,0.2019204,0.39917022,0.19724981
,48.60000228881836,57.891029357910156,9.291027069091797,-1.0116057,0.03236717,1.043973
,75.0,70.06599426269531,-4.9340057373046875,1.9547915,1.4003892,-0.55440235
,68.4000015258789,69.66490936279297,1.2649078369140625,1.2131922,1.3553214,0.14212918
,45.599998474121094,45.602420806884766,0.002422332763671875,-1.3486964,-1.3484242,0.0002721548
,33.60000228881836,39.317291259765625,5.717288970947266,-2.6970587,-2.0546436,0.64241505
,51.599998474121094,52.498687744140625,0.8986892700195312,-0.6745151,-0.5735355,0.100979626
,54.0,51.763587951660156,-2.2364120483398438,-0.40484267,-0.6561338,-0.2512911
,67.19999694824219,66.36458587646484,-0.8354110717773438,1.0783559,0.9844858,-0.0938701
,39.0,41.0928955078125,2.0928955078125,-2.0902956,-1.8551307,0.23516488
,57.0,58.40655517578125,1.40655517578125,-0.06775207,0.09029328,0.15804535
,59.400001525878906,60.00714111328125,0.6071395874023438,0.2019204,0.2701408,0.06822039
,39.0,44.0821647644043,5.082164764404297,-2.0902956,-1.5192459,0.5710497
,40.20000076293945,42.859352111816406,2.659351348876953,-1.9554594,-1.656645,0.2988143
,72.0,71.80738830566406,-0.1926116943359375,1.6177009,1.5960586,-0.021642327
,57.599998474121094,63.738502502441406,6.1385040283203125,-0.0003339513,0.68941003,0.689744
,66.5999984741211,68.07634735107422,1.476348876953125,1.0109378,1.1768258,0.16588795
,48.60000228881836,51.7895622253418,3.1895599365234375,-1.0116057,-0.65321535,0.3583904
,71.4000015258789,70.78848266601562,-0.6115188598632812,1.5502828,1.4815705,-0.06871235
,50.400001525878906,54.2225341796875,3.8225326538085938,-0.8093514,-0.3798381,0.42951328
,65.4000015258789,66.87133026123047,1.4713287353515625,0.8761016,1.0414257,0.16532409
,43.79999923706055,51.245670318603516,7.445671081542969,-1.5509506,-0.7143287,0.83662194
,67.80000305175781,61.980045318603516,-5.819957733154297,1.1457741,0.49182358,-0.6539506
,74.4000015258789,72.84231567382812,-1.5576858520507812,1.8873733,1.7123468,-0.17502654
,57.599998474121094,51.72652816772461,-5.873470306396484,-0.0003339513,-0.66029805,-0.6599641
,69.0,68.31539916992188,-0.684600830078125,1.2806103,1.2036858,-0.07692456
,60.599998474121094,61.84492111206055,1.2449226379394531,0.33675665,0.47664022,0.13988358
,50.400001525878906,62.848533630371094,12.448532104492188,-0.8093514,0.58940977,1.3987612
,66.5999984741211,70.57270050048828,3.9727020263671875,1.0109378,1.4573245,0.4463867
,46.20000076293945,48.15993118286133,1.959930419921875,-1.2812783,-1.0610533,0.22022498
,43.20000076293945,39.6125373840332,-3.58746337890625,-1.6183689,-2.0214689,-0.4031
,70.19999694824219,70.42094421386719,0.220947265625,1.4154465,1.4402726,0.02482605
,41.400001525878906,48.305171966552734,6.905170440673828,-1.8206232,-1.0447335,0.77588964
,58.79999923706055,61.94261169433594,3.1426124572753906,0.13450229,0.48761714,0.35311484
,51.0,53.036285400390625,2.036285400390625,-0.7419333,-0.5131292,0.22880411
,46.79999923706055,50.1868896484375,3.386890411376953,-1.21386,-0.8332972,0.38056284
,61.20000076293945,59.02779769897461,-2.1722030639648438,0.40417477,0.1600986,-0.24407618
,61.20000076293945,61.05330276489258,-0.146697998046875,0.40417477,0.38769126,-0.016483516
,54.599998474121094,59.389835357666016,4.789836883544922,-0.33742455,0.20077817,0.5382027
,56.400001525878906,59.4719352722168,3.0719337463378906,-0.13517019,0.2100032,0.3451734
,55.79999923706055,55.30052947998047,-0.4994697570800781,-0.2025883,-0.25871074,-0.056122437
,57.0,57.81106948852539,0.8110694885253906,-0.06775207,0.023382768,0.09113484
,45.0,45.293373107910156,0.29337310791015625,-1.4161144,-1.3831501,0.03296435
,61.20000076293945,60.95859146118164,-0.2414093017578125,0.40417477,0.37704918,-0.027125597
,69.5999984741211,67.60281372070312,-1.9971847534179688,1.3480284,1.1236172,-0.22441125
,42.0,41.44815444946289,-0.5518455505371094,-1.7532051,-1.8152122,-0.06200719
,43.20000076293945,42.577484130859375,-0.6225166320800781,-1.6183689,-1.6883171,-0.0699482
,66.5999984741211,68.21028137207031,1.6102828979492188,1.0109378,1.1918745,0.1809367
,59.400001525878906,59.97196578979492,0.5719642639160156,0.2019204,0.26618838,0.06426798
,63.60000228881836,62.25361633300781,-1.3463859558105469,0.67384726,0.522563,-0.15128428
,54.599998474121094,57.59309768676758,2.9930992126464844,-0.33742455,-0.0011094064,0.33631516
,57.0,59.090579986572266,2.0905799865722656,-0.06775207,0.16715297,0.23490503
,46.79999923706055,42.63525390625,-4.164745330810547,-1.21386,-1.6818256,-0.4679656
,58.20000076293945,60.363338470458984,2.1633377075195312,0.06708417,0.31016433,0.24308017
,62.5001220703125,61.18141555786133,-1.3187065124511719,0.5502611,0.40208662,-0.14817446
,72.5999984741211,63.779293060302734,-8.82070541381836,1.685119,0.6939931,-0.99112594
,59.400001525878906,59.6158561706543,0.21585464477539062,0.2019204,0.22617486,0.024254456
,58.20000076293945,59.66798400878906,1.4679832458496094,0.06708417,0.23203203,0.16494787
,71.4000015258789,70.95767211914062,-0.44232940673828125,1.5502828,1.5005815,-0.049701333
,55.79999923706055,58.206443786621094,2.406444549560547,-0.2025883,0.06780824,0.27039653
,64.80000305175781,64.85218048095703,0.05217742919921875,0.80868345,0.81454664,0.0058631897
,56.400001525878906,48.01961898803711,-8.380382537841797,-0.13517019,-1.0768197,-0.94164944
,48.60000228881836,44.877071380615234,-3.722930908203125,-1.0116057,-1.4299273,-0.4183216
,52.20000076293945,54.61370849609375,2.413707733154297,-0.607097,-0.33588415,0.27121288
,65.80035400390625,68.31758880615234,2.5172348022460938,0.9210863,1.2039325,0.2828462
,55.20000076293945,59.235992431640625,4.035991668701172,-0.27000642,0.18349196,0.45349836
,51.79995346069336,52.124107360839844,0.3241539001464844,-0.6520476,-0.6156245,0.036423087
,64.19999694824219,62.78371047973633,-1.4162864685058594,0.74126536,0.5821262,-0.15913916
,52.49995040893555,58.3570442199707,5.857093811035156,-0.57339334,0.08473033,0.6581237
,59.99994659423828,60.41889190673828,0.4189453125,0.26933247,0.3164065,0.04707402
,57.599998474121094,59.4866828918457,1.8866844177246094,-0.0003339513,0.21166043,0.21199438
,46.79999923706055,49.88516616821289,3.0851669311523438,-1.21386,-0.86719996,0.34666008
,45.599998474121094,42.95827102661133,-2.6417274475097656,-1.3486964,-1.6455302,-0.29683387
,64.50025939941406,61.35820770263672,-3.1420516967773438,0.77500343,0.42195138,-0.35305205
,74.75098419189453,69.95384216308594,-4.797142028808594,1.926811,1.3877876,-0.5390234
,45.599998474121094,46.072242736816406,0.4722442626953125,-1.3486964,-1.2956336,0.053062797
,62.400001525878906,58.627044677734375,-3.7729568481445312,0.539011,0.11506826,-0.42394274
,63.300174713134766,61.698020935058594,-1.6021537780761719,0.64015776,0.46013397,-0.18002379
,52.79999923706055,51.08354568481445,-1.7164535522460938,-0.53967893,-0.73254573,-0.1928668
,62.400001525878906,63.28559875488281,0.8855972290039062,0.539011,0.6385202,0.09950918
,59.400001525878906,61.2113037109375,1.8113021850585938,0.2019204,0.40544486,0.20352446
,67.19999694824219,67.01022338867188,-0.1897735595703125,1.0783559,1.0570316,-0.021324277
,60.0,59.992950439453125,-0.007049560546875,0.26933852,0.26854655,-0.0007919669
,52.20000076293945,51.47389221191406,-0.7261085510253906,-0.607097,-0.68868524,-0.08158821
,38.400001525878906,41.44149398803711,3.041492462158203,-2.1577137,-1.8159606,0.341753
,63.60000228881836,62.8161506652832,-0.7838516235351562,0.67384726,0.5857711,-0.088076174
,66.85042572021484,60.1463737487793,-6.704051971435547,1.0390768,0.2857854,-0.75329137
,49.20000076293945,51.56655502319336,2.3665542602539062,-0.94418764,-0.6782731,0.26591456
,48.60000228881836,47.9959602355957,-0.6040420532226562,-1.0116057,-1.079478,-0.067872286
,59.400001525878906,57.30440139770508,-2.095600128173828,0.2019204,-0.033548355,-0.23546876
,54.0,56.16326904296875,2.16326904296875,-0.40484267,-0.16176993,0.24307275
,67.80000305175781,66.30774688720703,-1.4922561645507812,1.1457741,0.9780994,-0.16767472
,48.60000228881836,56.521812438964844,7.921810150146484,-1.0116057,-0.12148297,0.8901228
,48.0,47.42204284667969,-0.5779571533203125,-1.0790238,-1.1439652,-0.064941406
,62.400001525878906,63.713008880615234,1.3130073547363281,0.539011,0.6865453,0.14753431
,58.79999923706055,60.283119201660156,1.4831199645996094,0.13450229,0.30115062,0.16664833
,50.400001525878906,56.99098205566406,6.590980529785156,-0.8093514,-0.06876531,0.74058604
,58.20000076293945,60.89859390258789,2.6985931396484375,0.06708417,0.37030762,0.30322346
,49.20000076293945,51.08332824707031,1.8833274841308594,-0.94418764,-0.73257023,0.21161741
,61.79999923706055,61.65276336669922,-0.14723587036132812,0.47159287,0.45504874,-0.016544133
,57.599998474121094,59.127296447753906,1.5272979736328125,-0.0003339513,0.17127831,0.17161226
,57.0,58.36088180541992,1.3608818054199219,-0.06775207,0.08516141,0.15291348
,53.400001525878906,60.58262634277344,7.182624816894531,-0.47226077,0.33480453,0.8070653
,61.20000076293945,60.6129150390625,-0.5870857238769531,0.40417477,0.3382077,-0.06596708
,58.20000076293945,59.60248947143555,1.4024887084960938,0.06708417,0.22467287,0.15758869
,65.15030670166016,62.58095932006836,-2.569347381591797,0.8480449,0.5593442,-0.2887007
,58.79999923706055,61.48381423950195,2.6838150024414062,0.13450229,0.436065,0.3015627
,56.400001525878906,59.467201232910156,3.06719970703125,-0.13517019,0.2094712,0.3446414
,59.400001525878906,60.593719482421875,1.1937179565429688,0.2019204,0.33605093,0.13413052
,48.0,52.60031509399414,4.600315093994141,-1.0790238,-0.56211615,0.5169077
,66.5999984741211,65.58806610107422,-1.011932373046875,1.0109378,0.8972331,-0.11370468
,61.20000076293945,59.370750427246094,-1.8292503356933594,0.40417477,0.19863367,-0.2055411
,51.599998474121094,54.75373077392578,3.1537322998046875,-0.6745151,-0.32015103,0.3543641
,60.0,61.349613189697266,1.3496131896972656,0.26933852,0.420986,0.15164748
,46.20000076293945,53.25361633300781,7.053615570068359,-1.2812783,-0.48870903,0.7925692
,48.60000228881836,54.47236251831055,5.8723602294921875,-1.0116057,-0.3517665,0.6598393
,61.79999923706055,61.32537841796875,-0.4746208190917969,0.47159287,0.4182628,-0.053330064
,60.0,58.90515899658203,-1.0948410034179688,0.26933852,0.14631814,-0.12302038
,49.89995574951172,57.29310607910156,7.393150329589844,-0.8655381,-0.03481783,0.8307203
,52.20000076293945,48.68034744262695,-3.5196533203125,-0.607097,-1.0025778,-0.39548075
,65.4000015258789,61.11308288574219,-4.286918640136719,0.8761016,0.3944083,-0.48169333
,52.79999923706055,55.13739013671875,2.337390899658203,-0.53967893,-0.2770416,0.26263732
,39.24996566772461,42.87879943847656,3.628833770751953,-2.0622087,-1.65446,0.4077487
,54.599998474121094,58.47638702392578,3.8763885498046875,-0.33742455,0.09814011,0.43556467
,60.599998474121094,60.80233383178711,0.20233535766601562,0.33675665,0.35949174,0.022735089
,74.4000015258789,69.84567260742188,-4.554328918457031,1.8873733,1.3756328,-0.51174057
,49.79999923706055,55.658573150634766,5.858573913574219,-0.8767695,-0.2184794,0.6582901
,64.19999694824219,63.0424919128418,-1.1575050354003906,0.74126536,0.6112035,-0.13006186
,54.599998474121094,59.17768478393555,4.577686309814453,-0.33742455,0.17694041,0.51436496
,61.20000076293945,62.951534271240234,1.7515335083007812,0.40417477,0.6009834,0.1968086
,56.400001525878906,58.705875396728516,2.3058738708496094,-0.13517019,0.12392622,0.2590964
,54.0,56.84183120727539,2.8418312072753906,-0.40484267,-0.08552459,0.3193181
,48.60000228881836,54.876285552978516,6.276283264160156,-1.0116057,-0.30638003,0.7052257
,63.0,61.04964828491211,-1.9503517150878906,0.6064291,0.3872806,-0.21914849
,47.299957275390625,53.01592254638672,5.715965270996094,-1.157683,-0.5154173,0.64226574
,63.0,67.8145751953125,4.8145751953125,0.6064291,1.1474113,0.54098225
